,Entry,Sequence
0,A1YQ89,MADYDLVLRCWGPVEADYNTHGGLVLTRLFTEHPDTQKLFPKLAGVGELAASVAVASHGATVLKKLGELLKTRGDHAALLKPLATSHANVHKIPINNFKLITEVIAKHMAEKAGLDAAGQEALRKVMSVVIADMDATYKELGFSG
1,A0A024R1G3,MELGCQVCKYCAMGLSDGEWQLVLNVWGKVEADIPGHGQEVLIRLFKGHPETLEKFDKFKHLKSEDEMKASEDLKKHGATVLTALGGILKKKGHHEAEIKPLAQSHATKHKIPVKYLEFISECIIQVLQSKHPGDFGADAQGAMNKALELFRKDMASNYKELGFQG
2,A0A087QLK8,MGLNDQEWQQVLTMWGKVESDLAGHGHAVLMRLFQDHPETMDRFDKFRGLKTPDQMRGSEDMKKHGVTVLTQLGKILKQKGHHESELKPLAQTHATKHRVPVKYLEFICEAIMKVIAEKHSADFGANCQAAMKKALELFRHDMASKYKEFGFQG
3,A0A087Y2W9,MADFDMVLKHWGPVEADYNTHGNLVLTRLFHEHPETQKLFPKFAGIAKGDLASNAAVSAHGATVLKKLGELLKAKGNHAAILKPLATTHATKHKIPINNFKLITEVIAEIMGERAGLDAAGKQALRNVMAVVIADIDTTYKELGFSG
4,A0A091D6D3,MGLSDGEWQLVLNVWGKVEGDIGGHGQEVLIRLFKGHPETLEKFDKFKHLKSEDEMRGSEDLKKHGTTVLTALGGILKKKGQHAAELAPLAQSHATKHKIPVKYLEFISEAIIQVLQSKHPGDFGADAQGAMSKALELFRSDIAAKYKELGFQG
5,A0A091EY51,MGLSDQEWQQVLTIWGKVESDLAGHGHEVLMRLFKDHPETLDRFEKFKGLKTPDAMKGSEDLKKHGTTVLTQLGKILKAKGNHEAELKPLAQTHATKHKIPVKYLEFISEVIIKVIAEKHAADFGADSQAAMKKALELFRNDMASKYKEFGFQG
6,A0A091H5V9,MGLSDQEWQKVLTIWGKVESDLPGHGHAVLMRLFQDHPETMDRFEKFKDLKTPDQMKGSEALKKHGVTVLTQLGKILKQKGNHESELKPLAQTHATQHKIPVKYLEFISEVIIKVIAEKHSADFGADSQAAMKKALELFRNDMASKYKEFGFQG
7,A0A091HHV5,MGLSDQEWQQVLTVWGKVEGDIAGHGHEVLMRLFQDHPETLDRFEKFKNLKTPDEMKGSEDLKKHGVTVLTQLGKILKQKGNHEAELKPLAQTHATKHKIPVKYLEFISEVIIKVIAEKHAADFGADAQAAMKKALELFRNDMASKYKEFGFQG
8,A0A091I469,MGLSDHEWQQVLTVWGKVEPDLAGHGHAILMRLFQDHPETLDRFEKFKGLKTPDQMKGSEDLKKHGVTVLTQLGKILKQKGNHEAELKPLAQSHATKHKIPVKYLEFISEAIIKVIAEKHSADFGADAQAAMKKALELFRNDMAAKYKEFGFQG
9,A0A091IRX9,MGLSDQEWQQVLTIWGKVESDLPGHGHAVLMRLFQDHPETLDRFEKFKGLKTPDQMKGSEELKKHGVTVLTQLGKILKQKGNHESELKPLAQTHATKHKIPVKYLEFISEVIIKVIAEKHSADFGADSQAAMKKALELFRNDMASKYKEFGFQG
10,A0A091KAL2,MGLSDQEWQKVLTVWGKVESDLPGHGHEILMRLFKDHPETLDRFEKFKGLKTPDEMKASEQMKNHGATVLTQLGKILKQKGNHEAELKPLAQTHATKHKIPVKYLEFISEVIIKVIAEKHAADFGADAQAAMKKALELFRNDMASKYKEFGFQG
11,A0A091KGT6,MGLSDQEWQQVLTIWGKVESDLAGHGHAILIRLFQDHPETLDRFEKFKGLKTPDQMKASEDLKKHGVTVLTQLGKILNQKGNHESELKPLAQTHATKHKIPVKYLEFISEVIIKVIAEKHPADFGADSQAAMKKALELFRNDMASKYKEFGFQG
12,A0A091L8D4,MGLSDQEWQQVLTIWGKVESDLPSHGHEVLMRLFHDHPETLDRFEKFKGLKTPDQMKGSEDLKKHGVTVLTQLGKILKLKGNHESELKPLAQSHATKHKIPVKYLEFISEAIIKVIAEKHAAAFGADSQAAMKKALELFRNDMASKYKEFGFQG
13,A0A091M1X0,MGLSDQEWQQVLTIWGKVESDLPGHGHEVLMRLFRDHPETLDRFERFKDLKTPEQMKGSEDLKKHGVTVLTQLGKILKHKGNHEAELKPLAQTHATKHKIPVKYLEFISEVIIKVIAEKHPADFGADSQAAMKKALELFRNDMASKYKEFGFQG
14,A0A091MVG4,MGLSDQEWQRVLTVWGKGESDLAGHGHAVLMRLFQDHPETLDRFEKFKNLKTPDQMKGSEDLKKHGVTVLTQLGKILKQKGNHEAELKPLAQTHATKHKIPVKYLEFISEVIIKVIAEKHAADFGADAQAAMKKALELFRNDMASKYKEFGFQG
15,A0A091MWX8,MGLSDQEWQHVLTIWGKVESDLPGHGQAVLMRLFQDHPETIDRFEKFKGLKTPDEMKASEDLKKHGVTVLTQLGKILKQKGNHEAELKPLAQTHATKHKIPVKYLEFISEVIIKVITEKHAADFGADSQAAMKKALELFRNDMASKYKELGFQG
16,A0A091P9K5,MGLSDQEWQKVLAIWGKVESDLAGHGHAVLMRLFQDHPETLDRFEKFKGLKTPDQMKGSEDLKKHGLTVFTQLGKILKQKGNHESELKPLAQTHATKHKIPVKYLEFISEAIIKVIAEKHSADFGADSQAAMKKALELFRNDMASKYKEFGFQG
17,A0A091Q4C5,MGLSDQEWQKVLTVWGKVEADLPGHGHEVLMRLFKDHPETLDRFERFKGLKTPDQMKGSEDLKKHGVTVLTQLGKILKLKGNHESELKPLAQTHATKHKIPVKYLEFISEVIIKVIAEKHSADFGADAQAAMKKALELFRNDMASKYKEFGFQG
18,A0A091S1F1,MGLSDQEWQQVLTIWGKVESDLPGHGHAVLMRLFQDHPETLDRFEKFKGLKTPDQMKGSEDLKKHGVTVLTQLGKILKQKGNHESELKPLAQTHATKHKIPVKYLEFISEVIIKVIAEKHSADFGADSQAAMKKALELFRNDMASKYKEFGFQG
19,A0A091SEB3,MGLSDQEWQQVLAIWGKVESDVAGHGHEILMRLFQEHPETLDRFEKFKGLKTPDQMKGSEDLKKHGATVLTQLGKILKQKGNHEAELKPLAQTHATKHKIPVKYLEFISEVIIKVLAEKHAADFGADSQAAMKKALELFRNDMAAKYKEFGFQG
20,A0A091TFJ6,MGLSDQEWQQVLTIWGKVESDLPGHGHAVLMRLFQDHPETLDRFEKFKGLKTPDQMKGSEDLKKHGVTVLTQLGKILKQKGNHESELKPLAQTHATKHKIPVKYLEFISEVIIKVIAEKHSADFGADSQAAMKKALELFRNDMASKYKEFGFQG
21,A0A091V806,MGLSDQEWQQVLTIWGKVESDLAGHGHEILMRLFQDHPETLDRFEKFKGLKTPDQMKGSEDLKKHGVTVLTQLGKILKQKGNHESELKPLAQTHATKHKIPVKYLEFISEVIIKVIAEKHSADFGADSQAAMKKALELFRNDMASKYKEFGFQG
22,A0A091VG98,MGLSDQEWQHVLSIWGKVETDLPGHGHAVLIRLFQDHPETLDRFERFKGLKTPDQMKGSEDLKKHGVTVLTQLGKILKLKGNHESELKPLAQTHATKHKIPVKYLEFISEVIIKVIAEKHSADFGADSQAAMKKALELFRNDMASKYKEFGFQG
23,A0A091VZM9,MGLSDQEWQQVLTIWGKVESDLAGHGHAVLMRLFQDHPETLDRFEKFKGLKTPDQMKGSEDLKKHGVTVLTQLGKILKQKGNHESELKPLAQSHATKHKIPVKYLEFISEVIIKVIAEKHSADFGADSQAAMKKALELFRNDMASKYKEFGFQG
24,A0A093DMR1,MGLSDQEWQQVLTIWGKVESDLAGHGHAILIRLFQDHPETLDRFEKFKGLKTPDQMKGSEDLKKHGVTVLTQLGKILKQKGNHEAELKPLAQTHATKHKIPVKYLEFISEVIIKVIAEKHSADFGADAQAAMKKALELFRNDMASKYKEFGFQG
25,A0A093FVS1,MGLSDQEWQQVLTIWGKVESDLPGHGHAVLIRLFQDHPETLDRFEKFKGLKTPDQMKGSEDLKKHGVTVLTQLGKILKQKGNHESELKPLAQTHATKHKIPVKYLEFISEVIIKVIAEKHSADFGADSQAAMKKALELFRNDMASKYKEFGFQG
26,A0A093GQ63,MGLSDQEWQQVLTVWGKVESDIAGHGHEVLMRLFKDHPETLDKFEKFKGLKTPDAMKGSEDLKKHGATVLTQLGKILKQKGNHEAELKPLAQTHATKHKIPVKYLEFISEVIIKVLAEKHAADFGADAQAAMKKALELFRNDMASKYKEFGFQG
27,A0A093HTX0,MGLSDQEWQQVLTIWGKVESDIAGHGHAILMRLFQDHPETLDRFEKFKGLTTPEQMKASEELKKHGVTVLTQLGKILKQKGKHEAELKPLAQTHATKHKIPVKYLEFISEVIIKVIAEKHSADFGADSQAAMKKALELFRNDMASKYKEFGFQG
28,A0A093IYD1,MGLSDQEWQQVLTIWGKVESDLPGHGHAVLMRLFQDHPETLDRFEKFKGLKTPDQMKGSEDLKKHGVTVLTQLGKILKQKGNHESELKPLAQTHATKHKIPVKYLEFISEVIIKVIAEKHSADFGADSQAAMKKALELFRNDMASKYKEFGFQG
29,A0A093PLY5,MGLSDQEWQQVLSIWGKVESDIAGHGHAVLMRLFQDHPETMDRFEKFRNLKTHDQMKGSEDMKKHGVTVLTQLGKILKHKGNHEAELKPLAQTHATKHRVPVKYLEFICEAIMKVMAEKHSADFGANTQAAMKKALELFRHDMASKYKEFGFQG
30,A0A093QLV4,MGLSDQEWQQVLTVWGKVESDLAGHGHIILMRLFQDHPETIEKFEKFKGLKTPDAMKGSEDLKKHGATVLTQLGKILKQKGNHESELKPLAQTHATKHKIPVKYLEFISEVIIKVLAEKHAADFGADAQAAMKKALELFRNDMAAKYKEFGFQG
31,A0A093QPB5,MGLSDQEWQQVLTIWGKVESDLPGHGHEVLMRLFRDHPETLDRFERFKGLKTPDQMKASEDLKKHGVTVLTQLGKILKQKGNHESELKPLAQTHATKHKIPVKYLEFISEVIIKVIAEKHSADFGADSQAAMKKALELFRNDMASKYKEFGFQG
32,A0A094LCT4,MGLSDQEWQQVLTIWGKVEADIAGHGHEVLMRLFKDHPETLDRFERFKGLKSPDQMKGSEDLKKHGVTVLTQLGKILKQKGNHESELKPLAQTHATKHKIPVKYLEFISEVIIKVIAEKHSADFGADSQAAMKKALELFRNDMASKYKEFGFQG
33,A0A094MVS8,MGLSDQEWQKVLTIWGKVESDLAGHGHEVLMRLFHDHPETLDRFERFKGLKTPDQMKGSEDLKKHGVTVLTQLGKILKQKGNHESELKPLAQTHATKHKIPVKYLEFISEVIIKVIAEKHSADFGADSQAAMKKALELFRNDMASKYKEFGFQG
34,A0A0A7HRI5,MGLSDGEWQLVLNVWGKVEGDLSGHGQEVLIRLFKGHPETLEKFDKFKSLKSEDEMRGSEDLKKHGSTVLTALGGILKKKGQHAAELAPLAQTHATKHKIPVKYLEFISEAIIQVLQSKHPGDFGADAQGAMRKALELFRNDIGAKYKELGFQG
35,A0A0A7HUC6,MEKVPGEMEIERRERSEELSEAERKAVQATWARVYANCEDVGVAILVRLFVNFPSAKHYFSQFKHMEEPLEMERSPQLRKHACRVVGALNTVVENLHDPDKVSSVLALVGKAHALKHKVEPMYFKIISGVILEVIAEECANDFPPEAQRAWAKLCGLIYSHVTAAYKEVGWVQQVPNTTTPPTTLPSSGP
36,A0A0D9R744,MGLSDGEWQLVLNVWGKVEADIPSHGQEVLIRLFKGHPETLEKFDKFKHLKSEDEMKASEDLKKHGATVLTALGGILKKKGHHEAEIKPLAQSHATKHKIPVKYLELISESIIQVLQSKHPGDFGADAQGAMNKALELFRNDMAAKYKELGFQG
37,A0A0M5KMA8,MGLSDQEWQQVLTVWGKVESDIAGHGHEILMRLFKDHPETLDRFEKFKGLKTPDAMKGSEDLKKHGATVLTQLGKILKAKGNHEAELKPLAQTHATKHKIPVKYLEFISEVIIKVLAEKHAADFGADAQAAMKKALELFRNDMAAKYKEFGFQG
38,A0A0N6W266,MGLTDQEWQKVLDTWGKVEPDLPAHGQEVIIRLFQNHPETQDKFDKFKNLKSVDEMRNSEEIKKHGTTVLTALGKILKQKGNHEAELKPLAQSHANKHKIPVKYLEFICEIIVGVMAEHQAAAFGPDSQAAMRKALELFRNDMASKYKELGFQG
39,A0A0N6YQM3,MGLTDQEWQKVLDIWGKVEPDLPAHGQEVIIRLFQNHPETQDKFDKFKNLKSVDEMRNSEEIKKHGTTVLTALGKILKQKGNHEAELTPLAQSHANKHKIPVKYLEFICEIIVGVMAENQAAAFGPDSQAAMRKALELFRNDMASKYKELGFQG
40,A0A0N8JW39,MSDYDKILKNWDAVEADPNGIGGEVLYGLFKEYPDTLKYFPKFAGIPPGDLATNPAVAQHGEIVLRKLTEILKARGNHAAILKPFANSHAKTHKIPTINFKLITDVIVKITGDKGVLDAAGQNAFRNVMSSIIADLDAFYKDANFQG
41,A0A0P7UGB6,MMSDFDLVLKFWDAIEADYTAIGGEVLTRLFKDHPDTQKLFPKCANIPPSEVAGNVTVAAHGAIVLRKLGELLKARGDHASILKPLATTHANIHKISLNNFTLLTEVIVKVFAEKAGLGADGQVALRNLMGVVVADIGGFYKELGFQA
42,A0A0Q3M1D1,MGLSDQEWQHVLAIWGKVESDIAGHGHEILMRLFKDHPETLDRFEKFKGLKTPDQMKGSEDLKKHGATVLTQLGKILKQKGNHEAELKPLAQTHATKHKIPVKYLEFISEVIIKVLAEKHAADFGADSQAAMKKALELFRNDMAAKYKEFGFQG
43,A0A0S7H302,MADFDMVLKHWGPVEADYNTHGNLVLTRLFHEHPETQKLFPKFAGIAKGDLAGNAAVSAHGATVLKKLGELLKAKGNHGAILKPLANTHATKHKIPINNFRLITEVIAKVMGEKAGLDAAGQQALRNVMAVVIADIDTTYKELGFSG
44,A0A151NHW1,MEIMQLSDQEWKHVLDIWTKVESKLPEHGHEVIIRLLQEHPETQERFEKFKHMKTADEMKSSEKMKEHGTNVFTALGNILKQKGNHAEVLKPLAKSHALEHKIPVKYLEFISEIIVKVIAEKYPADFGADSQAAMRKALELFRNDMASKYKEFGYQDLAQ
45,A0A1A7Y1H3,MADYDMILKHWGPLEADYNTHGNMVLTRLFNEHPESQKLFPKFVGIPLGELAGNTAVSAHGATVLKKLGELLKARGNHAAILKPLANTHATKHKIPINNFRLISEVIGNVMAEKAGLDAAGQQALRNVMAVVIGDIEASYKELGFTG
46,A0A1A8AJH4,MADYDMILKHWGPVEADYNAHGNLVLTRLFNEHPETQKLFPKFVGIPLGELAGNAAVSAHGATVLKKLGELLKAKGNHAAILKPLANTHATKHKIPINNFRLISEVIGKVMAEKAGLDAAGQQALRNVMAVVISDIEASYKELGFTG
47,A0A1A8DAD6,MADYDMILKHWGPVEADYNAHGNLVLTRLFTEHPETQKLFPKFVGIPLGELAGDAAVSAHGATVLKKLGELLKAKGNHAAILKPLANTHATKHKIPINNFRLISEVIGKVMAEKAGLDAAGQQALRNVMAVVISDIEASYKELGFTG
48,A0A1A8F3L5,MADYDMILKHWGPVEADYNTHGNLVLTRLFNEHPETQKLFPKFVGIPLGELAGNAAVSAHGATVLKKLGELLKAKGNHAAILKPLANTHATKHKIPINNFRLISEVIGKVMAEKAGLDAAGQQALRNVMAVVISDIEASYKELGFTG
49,A0A1A8JSF7,MADYDMILKHWGPVEADYNAHGNLVLTRLFNEHPETQKLFPKFVGIPLGELAGNAAVSAHGATVLKKLGELLKAKGNHAAILKPLANTHATKHKIPINNFRLISEVIGKVMAEKAGLDAAGQQALRNVMAVVISDIEASYNELGFTG
50,A0A1A8L844,MADYDMILKHWGPVEADYNTHGNLVLTRLFNEHPETQKLFPKFVGIPLGELAGNAAVSAHGATVLKKLGELLKAKGNHAAILKPLANTHATKHKIPINNFRLISEVIGKVMAEKAGLDAAGQQALRNVMAVVISDIEASYKELGFTG
51,A0A1K0FU49,MGLSDGEWQLVLNVWGKVEADIPGHGQEVLIRLFKGHPETLEKFDKFKHLKSEDEMKASEDLKKHGATVLTALGGILKKKGHHEAEIKPLAQSHATKHKIPVKYLEFISECIIQVLQSKHPGDFGADAQGAMNKALELFRKDMASNYKELGFQG
52,A0A1K0FUB2,MGLSDGEWQMVLNIWGKVEGDLAGHGQEVLISLFKAHPETLEKFDKFKNLKSEEEMKSSEDLKKHGCTVLTALGTILKKKGQHAAEIQPLAQSHATKHKIPVKYLEFISEVIIQVLKKRYSGDFGADAQGAMSKALELFRNDIAAKYKELGFQG
53,A0A1K0FUF3,MGLSDGEWQLVLNAWGKVEADVAGHGQEVLIRLFTGHPETLEKFDKFKHLKTEAEMKASEDLKKHGNTVLTALGGILKKKGHHEAEVKHLAESHANKHKIPVKYLEFISDAIIHVLHAKHPSDFGADAQAAMSKALELFRNDMAAQYKVLGFHG
54,A0A1K0GV43,MGLSDGEWQLVLNIWGKVETDLAGHGQEVLIRLFKNHPETLDKFDKFKHLKTEDEMKGSEDLKKHGNTVLTALGGILKKKGHHEAELKPLAQSHATKHKIPVKYLEFISDAIIQVLQSKHSGDFHADTEAAMKKALELFRNDIAAKYKELGFQG
55,A0A1K0H3X1,MGLSDGEWQSVLNIWGKVEADIPGHGQEILIRLFKGHPETLEKFDKFKHLKSEDEMKACEDLKKHGATVLNALGGILKKKGQHEAEIKPLAQSHATKHKIPVKYLEFISEAILQVLQSKHPGDFGADAQGAMSKALELFRNDIAAKYKELGFQG
56,A0A1K0H3X9,MGLSDGEWQLVLNAWGKVEADIPGHGQEVLIRLFQGHPETLEKFDKFKHLKTADEMKASEDLKKHGGVVLTALGGILKKKGDHQAEIQPLAQSHATKHKIPIKYLEFISEAIIHVLQSKHAADFGADAQGAMRKALELFRNDIAAKYKELGFQG
57,A0A1S3AJ67,MGLSDGEWQLVLNVWGKVEADIPGHGQEVLIRLFKDHPETLEKFDKFKHLKSEDEMKSSEDLKKHGTTVLTALGGILKKKGQHQAELAPLAQSHANKHKIPVKYLEFISEAIIQVLKSKHAGDFGADAQGAMSKALELFRNDIAAKYKELGFQG
58,A0A1S3FV91,MGLSDGEWQLVLNVWGKVEADLAGNGQEVLIRLFKNHSETLEKFDKFKNLKSEDEMKASEDLKKHGTTVLTALGGILKKKGQHEAEIKPLAQSHATKHKIPMAYLEFISEAIIEVLKCKYPGDFGADAQGAMSKALELFRNDIAAKYKELGFQG
59,A0A1U7QU54,MVEAAMGLSDGEWQQVLNVWGKVETDLAGHGQEVLIRLFKNHPETLEKFDKFKSLKSEDEMKASEDLKKHGSTVLTALGVILKKKGQHAAEIQPLAQSHATKHKIPVKYLEFISESIIEVLKSRHSGDFGADAQGAMSKALELFRNDIAAKYKELGFQG
60,A0A1U7T7E9,MGRKSSSGKGRDAVAPVAHTPKSKGIQLQSGMFAMGLFKGHPETLEKFDKFKNLKSEDEMKASEDLKKHGVTVLTALGGILKKKGQHEAEIKPLAQSHATKHKIPVKYLEFISEAIIQVLQSKHSGDFGADAQGAMKKALELFRNDMAAKYKELGFQG
61,A0A1U7TDQ9,MGLSDGEWQLVLSVWGKVEADIPGHGQEVLIRLFKGHPETLEKFDKFKNLKSEDEMKASEDLKKHGVTVLTALGGILKKKGQHEAEIKPLAQSHATKHKIPVKYLEFISEAIIQVLQSKHSGDFGADAQGAMKKALELFRNDMAAKYKELGFQG
62,A0A1V4J9E6,MGLSDQEWQKVLAIWGKVESDLPGHGHEVLMRLFKDHPETLDKFERFKGLKTPDQMKGSEDLKKHGVTVLTQLGKILKQKGNHESELKPLAQTHATKHKIPVKYLEFISEVIIKVLAEKHAADFGADSQDAMKKALELFRNDMASKYKEFGFQG
63,A0A1V4JAH3,MSFSEAEVQSARGAWEKMYADAEDNGTTVLVRMFTEHPDTKSYFTHFKGMDSAEEMKQSDQVRGHGKKVFTAINDMVQHLDNPEAFLGIVNPLGKKHATQLKIDPKNFRIICDIILQLMEEKFGGDCKSSFEKVTNEICSHLNNVYKEAGW
64,A0A1W5PRB6,MADHDLVLQSWRGIESDFTGHGGEVLTRLFKEHPETKQLFPKFVGISPSEVAGNPAVAAHGATVLKKLGELLKARGDHAALLKPLATTHANTHRIGLNNFRLITEVLVKILAEKAGLDAAGQSAFRRVMEAVIGDIDTYYNEIGFAG
65,A0A1W5PRD0,MADHDLVLKSWGGIEADFTGHGGEVLTRLFKEHPETKQLFPKFVGISPSEVAGNAAVAAHGATVLKKLGELLKARGDHAALLKPLATTHANTHKIGLNNFRLITEVLVKILAEKAGLDAAGQSAFRRVMEAVIGDIDTYYKEIGFAG
66,A0A1W5PRE7,MADHELVLKSWGGIEADFTGHGGEVLTRLFKEHPETKQLFPKFVGISPSEVAGNPAVAAHGATVLKKLGELLKARGDHAALLKPLATTHANTHKIGLNNFRLITEVLVKILAEKAGLDAAGQSAFRRVMEAVIGDIDTYYKEIGFAG
67,A0A1W5PRH3,MADHDLVLKCWGAIEADFTGHGGDVLNRLFKEHPETLKLFPKFVSIPPSDLVGNAAVAAHGATVLTKLGELLKARGDHAALLKPLATTHANKHKIALNNFKLITEVLVKVMAEKAGLDAAGQSAFKRVMEAVIGDIDTYYKEIGFAG
68,A0A212CCZ7,MKASEDLKKHGNTVLTALGGILKKKGHHEAEFISDAIIHVLHAKHPSDFGADAQGAMSKALELFRNDMAAQYKVLGFQG
69,A0A218UZ22,MGLSDQEWQQVLTVWGKVESDLAGHGHQILMRLFQDHPETLDRFEKFKDLKTPDAMKGSEDLKKHGVTVLTQLGKILKAKGNHEAELKPLAQTHATKHKIPVKYLEFISEVIIKVLAEKHAADFGADAQAAMKKALELFRNDMASKYKEFGFQG
70,A0A226ML18,MGLSDQEWQQVLSIWGKVEADIAGHGHEVLMRLFRDHPETLDRFEKFKGLKTPDQMKGSEDLKKHGATVLTQLGKILKQKGNHESELKPLAQTHATKHKIPVKYLEFISEVIIKVIAEKHAADFGADSQAAMKKALELFRNDMATKYKEFGFQG
71,A0A226MYI4,MFVDAEDNGTAVLVRMFTEHPDTKSYFTHFKGMDSAEEMKQSDQVRGHGKRVFTAINDMVQHLDNTEAFLGILNPLGQKHATQLKIDPKNFRIICDIILQLMEEKFGGDCKASFEKVTNEICTHLTNIYKEAGW
72,A0A226N8U2,MGLSDQEWQQVLSIWGKVEADIAGHGHEVLMRLFRDHPETLDRFEKFKGLKTPDQMKGSEDLKKHGATVLTQLGKILKQKGNHESELKPLAQTHATKHKIPVKYLEFISEVIIKVIAEKHAADFGADSQAAMKKALELFRNDMAAKYKEFGFQG
73,A0A226NZ51,MFVDAEDNGTAVLVRMFTEHPDTKSYFTHFKGMDSAEEMKQSDQVRGHGKRVFTAINDMVQHLDNIEAFLGILNPLGQKHATQLKIDPKNFRIICDIILQLMEEKFGGDCKASFEKVTNEICTHLTNIYKEAGW
74,A0A250XVB6,MGLSDGEWQLVLKVWGKVEADLAGHGQEVLIRLFKGHPETLEKFDKFKHLKSEDEMKASEDLKKHGVTVLTALGGVLKKKGHHEAEIKPLAQSHATKHKIPIKYLEFISEAIIHVLQSKHPGDFGADAKSAMSKALELFRHDIAAKYKELGFQG
75,A0A2I0MJX9,MSFSEAEVQGARGAWEKMYADAEDNGTTVLVRMFTEHPDTKSYFTHFKGMDSAEEMKQSDQVRGHGKKVFTAINDMVQHLDNSEAFLGIVNPLGKKHATQLKIDPKNFRIICDIILQLMEEKFGGDCKSSFEKVTNEICSHLNNVYKEAGW
76,A0A2I0USS5,MGLSDQEWQQVLTIWGKVEADLAGHGHEVLMRLFQDHPETLDRFEKFKGLKTPDQMKGSEDLKKHGVTVLTQLGKILKQKGNHESELKPLAQTHATKHKIPVKYLEFISEVIIKVIAEKHAADFGADSQAAMKKALELFRNDMASKYKEFGFQG
77,A0A2I4AY62,MGYKKDSTDEGGTNQAENILGQPRRILFQALQIMADYDMILKHWGPVEADYSTYGNLVLTRLFTEHPETQKLFPKFVSIPHGDLAGNAAVSAHGATVLKKLGELLKAKGNHAAILKPLSNSHATKHKIPINNFRLISEVIVKVMAEKAGLDGAGQQALRSVMAVVIADMDANYKELGYAG
78,A0A2J8QPB9,MKASEDLKKHGATVLTALGGILKKKGHHEAEIKPLAQSHATKHKIPVKYLEFISECIIQVLHSKHPGDFGADAQGAMNKALELFRKDMASNYKELGFQG
79,A0A2J8QPC5,MGLSDGEWQLVLNVWGKVEADIPGHGQEVLIRLFKGHPETLEKFDKFKHLKSEDEMKASEDLKKHGATVLTALGGILKKKGHHEAEIKPLAQSHATKHKIPVKYLEFISECIIQVLHSKHPGDFGADAQGAMNKALELFRKDMASNYKELGFQG
80,A0A2J8UVS8,MQGEPRRPGDNRCPGPKENIRAGGSPGEDLGHLLYDSVGGLKPREKRGHSQRNMQDYAMGLSDGEWQLVLNVWGKVEADIPSHGQEVLIRLFKGHPETLEKFDKFKHLKSEDEMKASEDLKKHGATVLTALGGILKKKGHHEAEIKPLAQSHATKHKIPVKYLEFISESIIQVLQSKHPGDFGADAQGAMNKALELFRKDMASNYKELGFQG
81,A0A2J8UVT0,MKASEDLKKHGATVLTALGGILKKKGHHEAEIKPLAQSHATKHKIPVKYLEFISESIIQVLQSKHPGDFGADAQGAMNKALELFRKDMASNYKELGFQG
82,A0A2J8UVT2,MGLSDGEWQLVLNVWGKVEADIPSHGQEVLIRLFKGHPETLEKFDKFKHLKSEDEMKASEDLKKHGATVLTALGGILKKKGHHEAEIKPLAQSHATKHKIPVKYLEFISESIIQVLQSKHPGDFGADAQGAMNKALELFRKDMASNYKELGFQG
83,A0A2K5C7B5,MGLSDGEWQLVLNVWGKVEADVPSHGQEVLISLFKGHPETLEKFDKFKHLKSEDEMKASEELKKHGVTVLTALGGILKKKGHHEAELKPLAQSHATKHKIPVKYLEFISDAIVHVLQKKHPGDFGADAQGAMKKALELFRNDMAAKYKELGFQG
84,A0A2K5JJ98,MGLSDGEWQLVLNVWGKVEADIPSHGQEVLIRLFKGHPETLEKFDKFKHLKSEDEMKASEDLKKHGATVLTALGGILKKKGHHEAEIKPLAQSHATKHKIPVKYLELISECIIQVLQSKHPGDFGADAQGAMKKALELFRNDMAAKYKELGFQG
85,A0A2K5NML8,MGLSDGEWQLVLNVWGKVEADIPSHGQEVLIRLFKGHPETLEKFDKFKHLKSEDEMKASEDLKKHGATVLTALGGILKKKGHHEAEIKPLAQSHATKHKIPVKYLELISESIIQVLQSKHPGDFGADAQGAMNKALELFRNDMAAKYKELGFQG
86,A0A2K5RI16,MGLSDGEWQLVLNVWGKVEADIPSHGQEVLISLFKGHPETLEKFDKFKHLKSEDEMKASEELKKHGATVLTALGGILKKKGQHEAELKPLAQSHATKHKIPVKYLEFISDAIVHVLQKKHPGDFGADAQGAMKKALELFRNDMAAKYKELGFQG
87,A0A2K5W9D5,MEKVPGEMEIERRERSEELSEAERKAVQATWARLYANCEDVGVAILVRDGKTEAQLRRGTKRSRPLSPAPPLAGFKASWKNREQRAEVEKEESTGVQCSQLPSSCWTAWASRSSQGRHRFFVNFPSAKQYFSQFKHMEEPLEMERSPQLRKHACRVMGALNTVVENLHDPDKVSSVLALVGKAHALKHKVEPVYFKILSGVILEVVAEEFANDFPPETQRAWAKLRGLIYSHVTAAYKEVGWVQQVPNATTPPATLPSSGP
88,A0A2K5YL59,MGLSDGEWQLVLNVWGKVEADIPSHGQEVLIRLFKGHPETLEKFDKFKHLKSEDEMKASEDLKKHGATVLTALGGILKKKGHHEAEIKPLAQSHATKHKIPVKYLELISESIIQVLQSKHPGDFGADAQGAMNKALELFRNDMAAKYKELGFQG
89,A0A2K6DJM1,MGLSDGEWQLVLNVWGKVEADIPSHGQEVLIRLFKGHPETLEKFDKFKHLKSEDEMKASEDLKKHGVTVLTALGGILKKKGHHEAEIKPLAQSHATKHKIPVKYLELISESIIQVLQSKHPGDFGADAQGAMNKALELFRNDMAAKYKELGFQG
90,A0A2K6EGS0,MGLSDGEWQLVLNVWGKVEADIGGHGQEILIRLFTGHPETLEKFDKFKHLKTADEMKASEDLKKHGTTVLTALGGILKKKGQHEAEIKPLAQSHATKHKIPIKYLEFISDAIIHVLQSKHPGDFGADAQGAMKKALELFRNDIAAKYKELGFQG
91,A0A2K6M9S1,MGLSDGEWQLVLNVWGKVEADIPSHGQEVLIRLFKGHPETLEKFDKFKHLKSEDEMKASEDLKKHGATVLTALGGILKKKGHHEAEIKPLAQSHATKHKIPVKYLELISESIIQVLQSKHPGDFGADAQGAMNKALELFRNDMAAKYKELGFQG
92,A0A2K6NL17,MGLSDGEWQLVLNVWGKVEADIPSHGQEVLIRLFKGHPETLEKFDKFKHLKSEDEMKASEDLKKHGATVLTALGGILKKKGHHEAEIKPLAQSHATKHKIPVKYLELISESIIQVLQSKHPGEFGADAQGAMNKALELFRNDMAAKYKELGFQG
93,A0A2K6SPT7,MGLSDGEWQLVLNVWGKVEADIPSHGQEVLISLFKGHPETLEKFDKFKHLKSEDEMKASEELKKHGATVLTALGGILKKKGQHEAELKPLAQSHATKHKIPVKYLELISDAIVHVLQKKHPGDFGADAQGAMKKALELFRNDMAAKYKELGFQG
94,A0A2P4TG07,MGLSDQEWQQVLAIWGKVEADIAGHGHEVLMRLFRDHPETLDRFDKFKGLKTPDQMKGSEDLKKHGATVLTQLGKILKQKGNHEAELKPLAQTHATKHKIPVKYLEFISEVIIKVIAEKHAADFGADSQAAMKKALELFRNDMASKYKEFGFQG
95,A0A2R8W6F8,MKGSEDLKKHGCTVLTALGTILKKKGQHAAEIQPLAQSHATKHKIPVKYLEFISEIIIEVLKKRHSGDFGADAQGAMSKALELFRNDIAAKYKELGFQG
96,A0A2R9BL13,MGLSDGEWQLVLNVWGKVEADIPGHGQEVLIRLFKGHPETLEKFDKFKHLKSEDEMKASEDLKKHGATVLTALGGILKKKGHHEAEIKPLAQSHATKHKIPVKYLEFISECIIQVLHSKHPGDFGADAQGAMNKALELFRKDMASNYKELGFQG
97,A0A2U3X229,MGLSDGEWQLVLNVWGKVEADLAGHGQEVLIRLFKGHPETLEKFDKFKHLKSEDEMKRSEDLKKHGKTVLTALGGIFKKKGHHDAELKPLAQSHATKHKIPIKYLEVLQSKHPGDFGADTHAAMKKALELFRNDIAAKYRELGFQG
98,A0A2U3X238,MGLSDGEWQLVLNVWGKVEADLAGHGQEVLIRLFKGHPETLEKFDKFKHLKSEDEMKRSEDLKKHGKTVLTALGGIFKKKGHHDAELKPLAQSHATKHKIPIKYLEFISEAIIQVLQSKHPGDFGADTHAAMKKALELFRNDIAAKYRELGFQG
99,A0A2U9BP16,MTDFDMVLKHWGPVEADYASHGNLVLTRLFTEHPDTQKLFPNFAGIPQGDLAGNAAISAHGATVLRKLGDLLRAKGNHATILKPMANSHATKHKIPINNFKLITEVIAKVMEEKAGLDAAGQQALRNVMAVVITDIEANYKELGYAG
100,A0A2Y9DG99,MALSDGEWQLVLNVWGKVEADIAGHGLEVLISLFKGHPETLEKFDKFKHLKSEEEMKACEDLKKHGVTVLTALGGILKKKGHHQAEIQPLAQSHATKHKIPVKYLEFISEAIIHVLQSKHPGDFGADAQGAMSKALELFRNAMAANYKELGFQG
101,A0A2Y9GZ29,MGRPSPDCTMGLSDGEWHLVLNIWGKVETDLAGHGQEVLIRLFKSHPETLEKFDKFKHLKSEDDMRRSEDLRKHGNTVLTALGGILKKKGHHEAELKPLAQSHATKHKIPVKYLEFISEAIIQVLHSKHPGEFGADTQAAMKKALELFRNDIAAKYKELGFHG
102,A0A2Y9KLX4,MGLSDGEWQLVLNVWGKVEADLAGHGQEVLIRLFKGHPETLEKFDKFKHLKSEDEMKGSEDLKKHGNTVLTALGGILKKKGKHEAELKPLAQSHATKHKIPIKYLEVLQSKHPRDFGADAQAAMRKALELFRNDIAAKYKELGFQG
103,A0A2Y9KTR6,MGRPSPDCTMGLSDGEWQLVLNVWGKVEADLAGHGQEVLIRLFKGHPETLEKFDKFKHLKSEDEMKGSEDLKKHGNTVLTALGGILKKKGKHEAELKPLAQSHATKHKIPIKYLEFISEAIIQVLQSKHPRDFGADAQAAMRKALELFRNDIAAKYKELGFQG
104,A0A2Y9KZQ2,MGLSDGEWQLVLNVWGKVEADLAGHGQEVLIRLFKGHPETLEKFDKFKHLKSEDEMKGSEDLKKHGNTVLTALGGILKKKGKHEAELKPLAQSHATKHKIPIKYLEFISEAIIQVLQSKHPRDFGADAQAAMRKALELFRNDIAAKYKELGFQG
105,A0A341B907,MGLSEGEWQLVLNVWGKVEADLAGHGQDVLIRLFKGHPETLEKFDKFKHLKTEAEMKASEDLKKHGNTVLTALGGILKKKGHHDAELKPLAQSHATKHKIPIKYLEFISEAIIHVLHSRHPAEFGADAQGAMNKALELFRKDIATKYKELGFHG
106,A0A383YSM7,MVLSDAEWHLVLNIWAKVEADVAGHGQDILIRLFKGHPETLEKFDKFKHLKTEAEMKASEDLKKHGNTVLTALGGILKKKGHHEAELKPLAQSHATKHKIPIKYLEFISDAIIHVLHSRHPAEFGADAQAAMNKALELFRKDIAAKYKELGFQG
107,A0A3B1KEN3,MADFDAVLKVWGAVEADFTGYGGEVLSRLFLEYPETQKLFPKFVGIPRGEVVGNAAIAAHGVTVLKKLGELLKAKGNHASILKPLATTHANQHKIGLNNFKLITEILAKVLGEKAGLDGAGQDSLRKVLGIVINDIDGYYKELGFAG
108,A0A3B3CA08,MADYDLILKHWGPVEADYSAHGNLVLTRLFHEYPDTQKLFPKFAGIAKGDMAGNAALSAHGATVLKKLGELLKARGNHGAILKPLANSHATKHKIPINNFRLISEVIGKVMGEKAGLDAAGQQALRSVMAAIIADIEADYKELGFAG
109,A0A3B3H9I9,MADYDMVLKHWGPVEADYNTHGNLVLTRLFHEYPETQKLFPKFAGIAKGDMAGNAALSAHGATVLKKLGELLKARGNHGAILKPLANSHATKHKIPINNFRLITEVIGKVMAEKAGLDAAGQQALRSVMAGIIAEIEADYKELGFAG
110,A0A3B3RAG9,MSDFDQILKYWPAVEKDYRGVGGEVLTRLFKEYPDTQKLFPKFAGLSQSELAGNAAVAAHGETVLKKLGELLNARGNHGPILKPLATNHAKTHKIALNNFKLITEVLAKVMAEKAGMDAAGQTALRNVMGVVIADIDSVYKEVGFQG
111,A0A3B3UIU1,MADFDMVLKHWGPVEADYNTHGNLVLTRLFHEHPETQKLFPKFAGIAKGDLASNAAVSAHGATVLKKLGELLKAKGNHAAILKPLATTHATKHKIPINNFKLITEVIAEIMGERAGLDAAGKQALRNVMAVVIADIDTTYKELGFSG
112,A0A3B3YK46,MADFDMVLKHWGPVEADYNTHGNLVLTRLFHEHPETQKLFPKFAGIAKGDLASNAAVSAHGATVLKKLGELLKAKGNHAAILKPLATTHATKHKIPINNFKLITEVIAEIMGERAGLDAAGKQALRNVMAVVIADIDTTYKELGFSG
113,A0A3B3ZRZ3,MADFDCVLKCWGPVEADYSGMGNLVLTRLFTEHPETQKLFPKFVSIPQGELSGNAAVSAHGATVLKKLGELLKAKGNHAAILKPLANTHANKHKIALGNFKLITEIIVKVMAEKAGLDAAGQQAFRNVMATVIADIDANYKELGFAG
114,A0A3B4DVU6,MADFDAILKIWGKVEADYTGYGGQVLGRLFVEHPDTLKYFPKFAGISPSEAISNSDVAAHGVTVLKKLADLVKAKGNHATILKPLATTHAKQHKIPINNFRLISEILVKVLAEKAGLDAAGQDSLRRVLNIVINDIDGYYKELGFAG
115,A0A3B4HCR9,MGDFDAVLKYWGPVEADYTGYGSLVLNRLFTEHPETQKLFPKFVGIPHGELASSSAVADHGATVLKKLGELLKAKGNHAAILKPLANSHATKHKIPINNFKLISEVIVKVFAEKAGLDAAGQQGLRNVMSKVIADLEVSYKELGFTG
116,A0A3B4YK67,MADFDMVLKHWGPVEADYSAHGNLVLTRLFTEHPDTQKLFPKFAGIAKGEMAGNKDIAAHGATVLKKLGELLKAKGNHATILKPLANSHANKHKIGINNFKLITEVIIKVMEEKAGLDPAGQQAMRNVMAVVIADIEANYKELGFSG
117,A0A3B5ABP4,MADFDLVLKHWGPVEADYDAHGGLVLTRLFTEHPDTQTLFPKFSGIAQGDLAGNAAVSAHGATVLKKLGELLKAKGNHAAILQPLANTHATKHKIPINNFKLITEVIIKVMTEKAGLDAAGQQAMRNVMTTVIADIEAKYKELGFTG
118,A0A3B5M2P8,MTDFDMVLKHWGPVEADYNTHGNLVLTRLFHEHPETQKLFPKFAGIAKGDLASSAAVSAHGATVLKKLGELLKAKGNHAAILKPLANTHATKHKIPINNFRLITEVIAKIMGEKAGLDAAGQQALRNVMAVVIADIDTTYKELGFSG
119,A0A3B5QF99,MADFDMVLKHWGPVEADYNTHGNLVLTRLFHEHPETQKLFPKFAGIAKGDLASNAAVSAHGATVLKKLGELLKAKGNHAAILKPLANTHATKHKIPINNFRLITEVIAKIMGEKAGLDAAGQQALRNVMAVVIADIDTTYKELGFSG
120,A0A3M0JQ33,MGLSDQEWQQVLTIWGKVESDLAGHGHEILMRLFQDHPETLDRFEKFKGLKTPDAMKGSEDLKKHGTTVLTQLGKILKAKGNHEAELKPLAQTHATKHKIPVKYLEFISEVIIKVIAEKHAADFGADAQAAMKKALELFRNDMASKYKEFGFQG
121,A0A3N0Z157,MADHELVLKCWGAVEADYTGHGGEVLTRLFKEYPDTLKLFPKFAGIAQSDLAGNAAVAAHGATVLKKLGELLKAKGDHAAILKPLANTHAKTHKIALNNFRLITEVLVKVMAEKAGLDAAGQSALRKVMDVVIGDIDGYYKEVGFAG
122,A0A3P8P9C6,MGDFDAVLKYWGPVEADYTGYGSLVLNRLFTEHPETQKLFPKFVGIPQGELASSSAVADHGATVLKKLGELLKAKGNHAAILKPLANSHATKHKIPINNFKLISEVIVKVFAEKAGLDAAGQQGLRNVMSKVIADLEVSYKELGFTG
123,A0A3P8U9J1,MADFDLVLKHWGPVEADYAGHGGLVLTRLFTEHPDTQKLFPKFTGIAQGDLAGNAAVSAHGATVLKKLGELLQAKGNHAAILQPLANSHATKHKIPINNFKLITEVIIKVMAEKAGLDAAGQQAMRNVMTAVISDMEASYKELGFTG
124,A0A3P8V4I8,MLSVSSVTVNKTILCFSFFLSLFKQKPETQKLFPKFVGIAESDLSSNKQVSEHGATVLKKLGELLKARGDHAKILKPLSQTHAKIHKIPIEHFNVISEVVIKVMAEKAGLDQAGQEALRSIMGIVIADMAANYKELGH
125,A0A3P8V6Z4,MSRQSLLFLFLLSSSLQIMADFEKVLCCWDAVEADLETHGNMVLTRLFKQKPETQKLFPKFVGIAESDLSSNKQVSEHGATVLKKLGELLKARGDHAKILKPLSQTHAKIHKIPIEHFNVISEVVIKVMAEKAGLDQAGQEALRSIMGIVIADMAANYKELGH
126,A0A3P8V6Z9,MNYFFNYCFFCPCFLPQSLLFLFLLSSSLQIMADFEKVLCCWDAVEADLETHGNMVLTRLFKQKPETQKLFPKFVGIAESDLSSNKQVSEHGATVLKKLGELLKARGDHAKILKPLSQTHAKIHKIPIEHFNVISEVVIKVMAEKAGLDQAGQEALRSIMGIVIADMAANYKELGH
127,A0A3P8XD96,MADFEMVLSCWEPIEADYNKNGGLVLTRLFAEYPETQKLFPKFAGIAKGDLAGNAAVAAHGATVLKKLGELLKAKGNHGAILKPLATTHANKHKIPLNNFKLITEVICKVMGEKAGLDAGGQEALRRVMSVVIADIDGTYKELGFAG
128,A0A3P8ZEX4,MIMADFEMVLSCWEPIEADYNKNGGLVLTRLFAEYPETQKLFPKFAGIAKGDLAGNAAVAAHGATVLKKLGELLKAKGNHGAILKPLATTHANKHKIPLNNFKLITEVICKVMGEKAGLDAGGQEALRRVMSVVIADIDGTYKELGFAG
129,A0A3P9DC87,MGDFDAVLKYWGPVEADYTGYGSLVLNRLFTEHPETQKLFPKFVGIPQGELASSSAVADHGATVLKKLGELLKAKGNHAAILKPLANSHATKHKIPINNFKLISEVIVKVFAEKAGLDAAGQQGLRNVMSKVIADLEVSYKELGFTG
130,A0A3P9HFV2,MADYDMVLKHWGPVEADYNTHGNLVLTSLFHEYPETQKLFPKFAGIAKGDMAGNAALSAHGATVLKKLGELLKARGNHGAILKPLANSHATKHKIPINNFRLITEVIGKVMAEKAGLDAAGQQALRSVMAGIIAEIEADYKELGFAG
131,A0A3P9KJ82,MADYDMVLKHWGPVEADYNTHGNLVLTRLFHEYPETQKLFPKFAGIAKGDMAGNAALSAHGATVLKKLGELLKAKGNHGAILKPLANSHATKHKIPINNFRLITEVIGKVMAEKAGLDAAGQQALRSVMAGIIAEIEADYKELGFAG
132,A0A3P9PMS0,MADFDMVLKHWGPVEEDYNTHGNLVLTRLFQEHPETQKLFPKFAGIAKGDLASNAAVSAHGATVLKKLGELLKAKGNHAAILKPLANTHATKHKIPINNFRLITEVIAEIMGERAGLDAAGKQALRNVMAVVIADIDTTYKELGFSG
133,A0A3Q0GS95,MQLSDQEWKHVLDIWAKVESKLPEHGHEVIIRLLQEHPETQERFEKFKHMKTADEMKSSEEMKKHGTNVFAALGNILKQKGNHAEVLKPLAESHALKHKIPVKYLEFISEIIVKVIAEKYPVDFGADSQAAMRKALELFRNDMASKYKEFGYQG
134,A0A3Q0QX49,MADFDAVLKHWGPVEADYTTFGSLILTRLFVEHPETQKQFPKFANIPQGELASNPAVADHGATTLQQLADLLRAKGNHAAILKDVANIHAIEQKVPVKSFKLHFDVIIKVMAEKAVLDAGGQQALRNVLDKVFADLEANYKELGVTC
135,A0A3Q0QZI6,MADFDXVLMYWGPVEADHKTFGSLVLTRLFTEHPDTQKLFPRFAGIPQGELASNADVSDHGATVLKKLGELVKAKGSHTAILKPLANSHANKHKIPINNFKLISEILVKVMAEKAGLHAAGQQALRHVMDEIIADIEADYKELGFTG
136,A0A3Q0QZM0,MGDFDAVLKHWGPVEADYNAFGSLVLTRLFAEHPETQKLFPKFVGIPQGELASNAAVADHGATVLKKLGELLKAKGNHAAILKPLANSHANKHKIPINNFKLISEIVVKVMAEKAGLDGAGQQGLRNVMAKVIADLEANYKELGFTG
137,A0A3Q1AXE3,MADFDLVLKHWGPVEADYAGHGGLVLTRLFTEHPDTQKLFPKFTGIAQGDLAGNAAVSAHGATVLKKLGELLQAKGNHAAILQPLANSHATKHKIPINNFKLITEVIIKVMAEKAGLDAAGQQAMRNVMTAVISDMEASYKELGFTG
138,A0A3Q1EFT8,MADFDLVLKHWGPVEADYTGHGGLVLTRLFTEHPDTQKLFPKFVDIAQGDLAGNAAVSAHGATVLKKLGELLQAKGNHAAILQPLANSHANKHKIPINNFKLITEVIIKVMAEKAGLNAAGQQAMRNVMTAVINDMEASYKELGFTA
139,A0A3Q1H6W8,MADFELVLKHWGPVEADYSTHGNLVLTRLFIEHPETQKLFPKFVGIPQSDLAGNAAVSAHGATVLKKLGELLKAKGNHESILKPLANSHATKHKIAINNFKLITEVIVKVMEEKAGLDPAGQKALRNVMALVIADLEANYKELGFTG
140,A0A3Q2CVL6,MADYDLVLKHWAPVEADYNGHGNLVLTRLFHEYPDTQKLFPKFAGLAKGDLASNAAVSAHGATVLKKLGELLKAKGNHAAILKPLANSHATKHKIPINNFKLITEVIAKVMGEKAGLDAAGQQALKNVMAVVIADMDATYKELGFTG
141,A0A3Q2P474,MTDYDMVLKHWGPVEADYNAHGNMVLTRLFHEHPDTQKLFPKFVGIAKGDLASNAAVSAHGATVLKKLGELLKAKGNHAAILKPLANTHATKHKIPINNFRLITEVIAKIMGEKAGLDAAGQQALRNVMAVVIADIDTTYKELGFSG
142,A0A3Q2V0U3,MPTLPQIMGDFDAVLKYWGPVEADYTGYGSLVLNRLFTEHPETQKLFPKFVGIPQGELASSSAVADHGATVLKKLGELLKAKGNHAAILKPLANSHATKHKIPINNFKLISEVIVKVFAEKAGLDAAGQQGLRNVMSKVIADLEVSYKELGFTG
143,A0A3Q2V8Y6,MGDFDAVLKYWGPVEADYTGYGSLVLNRLFTEHPETQKLFPKFVGIPQGELASSSAVADHGATVLKKLGELLKAKGNHAAILKPLANSHATKHKIPINNFKLISEVIVKVFAEKAGLDAAGQQGLRNVMSKVIADLEVSYKELGFTG
144,A0A3Q2Y814,MADFDTILKFWAPVEADLNTYGGLVLTRLFTEHPETQKLFPKFAGIAQADLAGNSAVSAHGVTVLKKLGELLKAKGNHADILKPLSKTHATKHKIALINYKLITEVIAKVLEEKAGLDSAGKQALNNVMDVVIADIDADYKELGFAG
145,A0A3Q3G5N6,MIYSFPSQIMANFDTVLKFWGPVEADYDAYGGLVLSRLFTEHPDTLKLFPKFAGIARSDLAGNTAVSAHGATVLKKLGELLRAKGDHAAILKPMANSHANKHKIPINNFKLIAEVIGKVMGEKAGLDAGGQEALRNVMAVVIADMEANYKELGFTG
146,A0A3Q3GV14,MAEFDMILKHWGPVEADYSTYGNLVLTRLFTEHPETQKLFPKFVGIAHGDLAGSVAVSAHGATVLKKLGELLKAKGNHAAILKPLSNSHATKHKIPINNFRLISEVIVKVMAEKAGLDGAGQQALRNVMAVVISDMDANYKELGFAG
147,A0A3Q3PYD6,MADYDAVLKNWGPVDADPAKYGGLVLVRLFTEHPETQKLFPKFAGIAHGDLAGNAAISAHGAIVLKKLSELLKAKGSHGAIIKPLAQSHATKHKIPINNFRLIGDVIVKVLGEKGILDAAGQHALNNIFPIIIGDLEAGYKEHGFSG
148,A0A3Q3RNW0,MPTFGLGKSGQEELGRIYSLLYYFAGVMGTVQKADCSGEETRQIMADFDAVLKNWGKVENDYNTFGRLVLVRLFTEHPETQSFFPKFANIPRDQMADNTAISDHGATVLKKVGELLKAKGSHAAILKPLSETHALKHKISIDNFKLITEILVKILAEKGVLDSAGQQCLRNIMGIVVNDLAANYKQLGVSL
149,A0A3Q4B0Y9,MARYDMIQKFWGPVEADYTTNGGLVMTRLFTEHPESQKLFPAFAGIAQVDLAGNAAVSAHGATVLKKLGELLSARGAHAAMVQSLAHSHATKHKIPIKNFKLITEVIVKVMEEKTGFDADGQQALRSVMAHIIDEIDCIYKDLGFHS
150,A0A3Q4HPH1,MCDFDAVLKHWGPVETDYTGYGSLVLNRLFTEHPETQKLFPKFVGIPQGELASSSDVADHGATVLKKLGELLKAKGNHAAILKPLANSHATKHKIPITNFKLISEVIVKVFAEKAGLDTAGQQGLRNVMSKVIADLEVSYKELGFTG
151,A0A3Q7PWQ8,MGLSDGEWQLVLNVWGKVEADLAGHGQEVLIRLFKGHPETLEKFDKFKHLKSEDEMKRSEDLKKHGKTVLTALGGILKKKGHHEAELKPLAQSHATKHKIPIKYLEFISEAIIHVLQSKHPGDFGADTHAAMKKALELFRNDIAAKYRELGFQG
152,A0A3Q7U091,MWTCTMGLSDGEWQLVLNIWGKVETDLAGHGQEVLIRLFKNHPETLDKFDKFKHLKTEDEMKGSEDLKKHGNTVLTALGGILKKKGHHEAELKPLAQSHATKHKIPVKYLEFISDAIIQVLQSKHSGDFHADTEAAMKKALELFRNDIAAKYKELGFQG
153,A0A3S2N855,MADYDLILKHWGPVEADYSAYGNLVLTRLFHEYPDTQKLFPKFAGIAQGDMAGNAALSAHGATVLKKLGELLKTRGNHGAVLKPLANSHATKHKIPINNFRLITEVICKVMGEKAGLDAAGQQALRNVMTTVIADIEADYKELGFAG
154,A0A3S4C0P4,MALSAEDIQMVSGVWSKIFADAESNGAVVLSRMFKEYPHTVKYFKNFPELQSIAETASAADIAGLAEVRGHAKTVLTAFNDMVQHLENIDTLKETATPLAKKHSEELKVDVKDFKILCDNLVDLVGEKQDEDAKTTFKKAVDVIYENISAAY
155,A0A3S4FDR6,MALSAEDTQTAGAVWEKIYADVEDNGAVVLSRMFKEHHHTVSYFKNFTQLQSVAETASAEEIAALAEVRAHGKKVFLALNDMVPHLSNVDALKETIAPLAKKHATELKVDVKDFEIIFDNLLALIGEKQGADAKTAFKKVTDLIYEEIKAAY
156,A0A3S4FGX6,MALSAEEIQNATGVWSKIFADAESNGSVVLSRMFKEYPHTVKYFKNFPELQSVGETASAAEIAGLAEVQGHAKTVFTAFNDMVQHLENIDALKETATPLAKKHSEELKVDVKDFKILCDNLVDLVGEKQDEDAKSTFKKAVDVIYENIKAAY
157,A0A401RKG4,MSELTEADKANIRVVWEKLAADPEGNGRTVVLRLFTDYPETKKYFQHFKNISTQEEMQKSAQIKRHGKAVMNKLTSIFEKLDDWAAVCTILDTMAERHVHKHKVEVYNFQIIFNLIVMIMGESLGSSFTPEIRESWVKTFNIIYDHLEDSYKKYEAAS
158,A0A401T7K8,MWVDAGYKWVNVGNEWAVVRLFKEHPDTKALFPKFKDIPLEQLGNNEDLRKHGTTVLRALGNIFRQKGNHSVNVKELADTHINKHKIPPYNFTLITNVASVVLTEMYPGEMTKPMQDSFSKVFKIICSDLEQLYKAANFQG
159,A0A447EBB6,MALSAEDTQTAGAVWEKIYADVEDNGAVVLSRMFKEHHHTVSYFKNFTQLQSVAETASAEEIAALAEVRAHGKKVFLALNDMVPHLTNVDALKETIAPLAKKHAAELKVDVKDFRIIFENLLDLIGEKQGADAKTAFKKVTDLIYEEIKAAY
160,A0A447EBB8,MALSAEDIQTVSAIWEKIYADVEDNGADVLSRMFKEHHHTVNYFKNFTQLQSVAETASAVDIAALAEVRAHGKKVFSALHDMVPHLTNVDALKETINPLAKKHAAELKVDVKDFRILFENLLDLIGEKQGADAKTAFKKVTDLIYEEIKAAY
161,A0A447EBD0,MALSAEDTQTAGAVWEKIYADVEDNGAVVLSRMFKEHHHTVSYFKNFTQLQSVAETASAEEIAALAEVRAHGKKVFLALNDMVPHLNNVDALKETIAPLAKKHATELKIDVKDFEIIFDNLLALIGEKQGADAKTAFKKVTDLIYEEIKAAY
162,A0A447EBD9,MALSAEDTQTASAVWEKIYADVEDNGAVVLSRMFKENPHTVSYFKNFTQLQSIAETASAEEIAALAEVRAHGKKVFSALNDMVSHLTNVDALKETINPLAKKHAAELKVDVKDFRIIFENLLDLIGEKQGADAKTAFKKVTDLIYEEIKAAY
163,A0A447EBI4,MAMSADDIQKGRSAWEKFYANAEDNGAVVLSRMFKEHPHTVSYFKNFKELQSMAEKASSVELQGLSEVRGHGKKVLSALNDMVQYLDNMDSLKKVTEPLGKKHAVELQVDVKDFDIIFTILLDLLGEKCGGDAKTDLKKVTDLLYEEIKSTY
164,A0A452DWW0,MGLSDGEWQLVLNAWGKVEADVAGHGQEVLIRLFTGHPETLEKFDKFKHLKTEAEMKASEDLKKHGNTVLTALGGILKKKGHHEAEVKHLAESHANKHKIPVKYLEFISDAIIHVLHAKHPSDFGADAQGAMSKALELFRNDMAAQYKVLGFQG
165,A0A452GEN9,MRKVLGHTMGLSDGEWQQVLNVWGKVEADIAGHGQEVLIRLFTGHPETLEKFDKFKHLKTEAEMKASEDLKKHGTVVLTALGGILKKKGHHEAELKPLAQSHATKHKIPIKYLEFISDAIIHVLHSKHPGDFGADAQGAMTKALELFRNDIAAKYKELGFQG
166,A0A452GPD4,LKSSEELKKHGTTVLTALGRILKLKNNHEPELKPLAESHATKHKIPVKFLEVWELERVPWVRGDWGPIVLGTMQTQRESLQCKWTRQTKDGRG
167,A0A452I7G9,MGLSDDEWNRVLGIWAKVEPELPVHGQEVMIRLFQVHPETQERFAKFKNLKTIDELKSSEELKKHGTTVLTALGRILKLKNNHEPELKPLAESHATKHKIPVKFLEFICEIIVKVIAEKHPSDFGADSQAAMRKALELFRNDMASKYKEFGFQG
168,A0A452RQT8,LALGSGHLQTPLRVPASDAHPPCTHRLFKGHPETLEKFDKFKHLKSEDEMKGSEDLKKHGNTVLTALGGILKKKGHHEAELKPLAQSHATKHKIPIKYLEFISEAIIQVLQSKHPGDFGADAQGAMRKALELFRNDIAAKYKELGFQG
169,A0A484DKS5,MADFDMVLKYWGPVEADYTGNGGLVLTRLFTEHPDTQKLFPKFAGIAKSDLAGNAAVSAHGATVLKKLGELLRAKGNHTAILKPLANNHATKHKIPINNFKLITEVIIKIMVEKAGLDAGGQQALRNVMAVVIADIDADYKELGFTG
170,A0A485MLR9,MGLSDGEWQLVLNVWGKVETDLAGHGQEVLISLFKGHPETLEKFEKFKHLKTEDEMKGSEDLKKHGNTVLTALGGILKKKGQHEAELKPLAQSHATKHKIPVKYLEFISEAIIQVLQSKHPHDFGTDAQAAMRKALELFRNDIAAKYKELGFQG
171,A0A498MUR1,MAEHDQVLKYWGAIEADYTGNGGEVLTRLFKEYPDTQKLFPKFAGIAQSDLAGNAAVAAHGATVLKKLGELLKARGDHATILKPLANTHANTHKIALNNFRLITEVLVKVMAEKAGLDAAGQAALRKIMDIVIGDIDRYYKEFGFAG
172,A0A498NEZ2,MTEQDGSKHDRIRRQNKTTVRTTVRMTEQDNSKHDRTGRQNKTTMMSDCYIALECWEAVELDYAGYGGKVLARLFKKHQNTQMHFPNLVGIPEYDLEGNGKVSAHGAAVLKELGRLLRGAKNATALIELLGRHPCAVKILKLFIAVLVEVMTEKGHPRYKLRAFERVMVDIIANIDD
173,A0A4D9DTI0,MGLSDAEWNHVLGIWAKVEPDLSAHGQEVIIRLFQLHPETQERFAKFKNLKTIDELKSSEEVKKHGTTVLTALGKILKLKNSHEPELKPLAESHATKHKIPVKYLEFICEIIVKVIAEKHPSDFGADSQAAMRKALELFRNDMASKYKEFGFQG
174,A0A4U5U2A6,MTDFDMVLKFWDPVEADYNGYGSLVLNRLFKEHPNSLQHFPKFVGKSSSELATSQDVANHGGIVLKKLAELLRAKGNHAAIVKPLATSHADKHKIPLENFKTISEIIVKIMAEKTGLDVAGQQALRNVMAAVIADIAANYKELGFDQ
175,A0A4U5U2B4,MTDFDMVLKFWDPVEADYNGYGSLVLNRLFKEHPNSLQHFPKFAGKSSSELATSQDVANHGGIVLKKLAELLRAKGNHAAIVKPLATSHADKHKIPLENFKTISEIIVKIMAEKTGLDVAGQQALRNVMAAVIADIAANYKELGFDQ
176,A0A4W2F1N8,MGLSDGEWQLVLNAWGKVEADVAGHGQEVLIRLFTGHPETLEKFDKFKHLKTEAEMKASEDLKKHGNTVLTALGGILKKGHHEAEVKHLAESHANKHKIPVKYLEFISDAIIHVLHAKHPSDFGADAQAAMSKALELFRNDMAAQYKVLGFHG
177,A0A4W2ICA1,MGLSDGEWQLVLNAWGKVEADVAGHGQEVLIRLFTGHPETLEKFDKFKHLKTEAEMKASEDLKKHGNTVLTALGGILKKKGHHEAEVKHLAESHANKHKIPVKYLEFISDAIIHVLHAKHPSDFGADAQAAMSKALELFRNDMAAQYKVLGFHG
178,A0A4W2ICC9,MSCQVIPVKHLGRYKIPLGPGSLKPQLSETGHPVSPPLFFFSSSDCAMGLSDGEWQLVLNAWGKVEADVAGHGQEVLIRLFTGHPETLEKFDKFKHLKTEAEMKASEDLKKHGNTVLTALGGILKKKGHHEAEVKHLAESHANKHKIPVKYLEFISDAIIHVLHAKHPSDFGADAQAAMSKALELFRNDMAAQYKVLGFHG
179,A0A4W3IX32,MTGITEADKENIHFIWEKLYENPEENGKTIVLRMFTDYPETKMYFQHFKNISTLEEMKKSPQIKRHGKIVMSALNKLIANLDNGEELSSLLAKMAERHINVHKVDLHNFQIIFNIIIAILEETFGNAFTPEIRGTWTKLFGVIYACLESHYKDAGFYP
180,A0A4W4ECS8,MSDYDLILKCWPPVEADYTGYGGAVLGRLFVEHPDTIKFFPKFANIPRGSLAGHPDVAAHGATVLKKVAELVKTKGNHTSILKTLATSHANQHKIPIINFKLLSECLCVVMKEKAGADAATQDALRRVLSCVTSEVDGFYKELGYAG
181,A0A4W5NGT5,MSLLSLPVCRPQIMDNFDMVLKCRGPVEADYNKHGGLVLSRLFAAYPDTLKLFPKFAGIAAGDLSGNAAVAAHGATVLKKLGELLKAKGDHAAILNPLATTHTKQHKIALNNFMLIREIICKVMCENAAGQDALRQVMGVVIADIDVTYKKLGFAC
182,A0A4W6FXS8,MTDYDTVLKFWGPVEADYPTHGNMVLTRLFTENPETQMLFPKFAGIAKSDLASNTSVSAHGATVLKKLGELLKAKGNHASILKPLAESHANKHKIPIGNFKLITEVIVKVMAEKAGLDPAGQQALRNVMATVIADIDANYKELGFSG
183,A0A4X2K794,MGLSDGEWQLVLNIWGKVETDLNGHGQEVLIRLFKSHPETLEKFDRFKHLKTEDEMKASEDLKKHGGTVLTALGNILKKKGHHEAELKPLAQSHATKHKISVHFLELISEVIIQVIQSKHPGDFGADVQAAMKKALELFRNDMAAKYKEFGFQG
184,A0A4Z2B358,MADFETVLKFWGPVEADYSAHGGMVLTRLFTENPETQQLFPKFAGITKSDLAGNAAVSAHGATVLKKLGELLKAKGNHAALLQPLANTHATKHKIPINNFKLIAEVIGKVMEEKAGLDAAGQQALKNVMATIIADIDVTYKDLGFS
185,A0A4Z2IZX4,MVMIMADFDLVLKCWGPVEADYAGYGSLVLTRLFVEHPDTQKLFPKFTGITQGDMAADAGISAHGATVLRKLGELLKAKGSHAAILKPLANSHATKHKIPLNNFRLIAEVIGNVMGEKAGLDAAGQQALRNVMAVVVADMEADYKELGFTG
186,A0A553Q859,MVKKMADQEMVLKCWGAIEADYVGNGGLVLSRLLQQHPETQKLFPKFAGISSGDFAGNPAIAAHGATVLKKLGELLKARGDHAGLLKPLATSHANIHKIGLNNFRLITEVLVKVLAEKAGLDASGQAAFRRVMDAVIGDIDGYYKEIGFAG
187,A0A556TL97,MCVQTMSDFDLVLSSWSKVEQDYTGYGGQVLTRLFMDHPDTQKLFPKFVEIAQGDLAGNAAVAAHGKTVLGKLGELIKAKGQHADLLKPMATSHANIHKIPLNNFKLISEIIVKVLAEKAGLDGAGQEALRRVLATVINDLDRYYKELGYAG
188,A0A5A9PLM2,MADFDLVLKCWGAVEADYKAHGGEVLTRLFEEHPETLKLFPKFVGIAQGDMAGNPAVAAHGATVLKKLGDLLKAKGDHAGILKPLANTHANNHKIPLNNFKLISEIIVTLMGERDGLDETGKAALRRVFAVVIGDIDGYYKEIGYAG
189,A0A5C6MWJ2,MADFETVLKFWGPVEADYGAHGGMVLTRLFTENPETQQLFPKFAGITKSDLAGNAAVSAHGATVLKKLGELLKAKGNHAALLQPLANTHATKHKIPINNFKLIAEVIGKVMEEKAGLDAAGQQALKNVMATIIADIDVTYKDLGFS
190,A0A5E4D2G9,MTINGLPSLIAPPSSSGPAHRTRRRDCTMGLSDAEWQLVLNIWGKVETDLAGHGQQVLISLFKGHPETLDKFDKFKHLKSEDEMKASEDLKKHGTTVLTALGGILKKKGQHEAEIKPLAQSHATKHKIPVKYLEFISEAIIEVLKSKHSGDFNDAAQAAMRKALELFRNDMAAKYKELGFQG
191,A0A5E4D2V4,MGLSDAEWQLVLNIWGKVETDLAGHGQQVLISLFKGHPETLDKFDKFKHLKSEDEMKASEDLKKHGTTVLTALGGILKKKGQHEAEIKPLAQSHATKHKIPVKYLEFISEAIIEVLKSKHSGDFNDAAQAAMRKALELFRNDMAAKYKELGFQG
192,A0A5E4D636,MPTADPSPPCVRSLFKGHPETLDKFDKFKHLKSEDEMKASEDLKKHGTTVLTALGGILKKKGQHEAEIKPLAQSHATKHKIPVKYLEFISEAIIEVLKSKHSGDFNDAAQAAMRKALELFRNDMAAKYKELGFQG
193,A0A5J5DNU0,MADFDMVLKYWGPVEADYTGNGGLVLTRLFTEHPDTLKLFPKFAGIAQSDLAGNAAISAHGATVLKKLGELLRAKGNHAAILKPLANSHATKHKIPINNFKLISEVVVKVMVEKAGLDPAGQKALRNVMAVVIADIDADYKELGFTG
194,A0A5J5MYY5,MGLSDGEWQLVLNAWGKVEADVAGHGQEVLIRLFTGHPETLEKFDKFKHLKTEAEMKASEDLKKHGNTVLTALGGILKKKGHHEAEVKHLAESHANKHKIPVKYLEFISDAIIHVLHAKHPSDFGADAQGAMSKALELFRNDMAAQYKVLGFQG
195,A0A5N3VIL9,MGLSDGEWQLVLNAWGKVEADVAGHGQEVLIRLFTGHPETLEKFDKFKHLKTEAEMKASEDLKKHGNTVLTALGGILKKKGHHEAEVKHLAESHANKHKIPVKYLEFISDAIIHVLHAKHPSDFGADAQGAMSKALELFRNDMAAQYKVLGFQG
196,A0A5N4DH13,MGLSDGEWQLVLNVWGKVEADVAGHGQEVLIRSHVWGECPVLPALLSGVRALSESHQKRLRKDSRDDDGDDGDGDNDNDDGDGDDDDGDDDGDNDNDDDDGDGDDDGDGDDDRDDSDGGGGDHADDDNGNDDGDDDGHPETLEKFDKFKHLKTADEMKASEDLKKHGNTVLTALGGILKKKGHHEAELKPLAQSHATKHKIPVKYLEFISDAIIHVLQSKHPGDFGADAQAAMNKALELFRNDMAAKYKELGFQG
197,A0A663D630,MGLSDGEWQLVLNVWGKVEADIPGHGQEVLIRLFKGHPETLEKFDKFKHLKSEDEMKASEDLKKHGATVLTALGGILKKKGHHEAEIKPLAQSHATKHKIPVKYLEFISECIIQVLHSKHPGDFGADAQGAMNKALELFRKDMASNYKELGFQG
198,A0A663EB25,MGLSDQEWQKVLAIWGKVESDLAGHGHAVLMRLFQDHPETLDRFEKFKGLKTPDQMKGSEELKKHGLTVFTQLGKILKQKGNHESELKPLAQTHATKHKIPVKYLEFISEAIIKVIAEKHSADFGADSQAAMKKALELFRNDMASKYKEFGFQG
199,A0A663MIM9,MGLSDQEWQHVLTIWGKVESDLPGHGHAVLIRLFQDHPETLDRFEKFKGLKTPDQMKGSEDLKKHGVTVLTQLGKILKQKGNHESELKPLAQTHATKHKIPVKYLEFISEVIIKVIAEKHSADFGADAQAAMKKALELFRNDMASKYKEFGFQG
200,A0A665X3F5,MADFDLVLKHWGPVEADYSTHGNLVLTRLFTEHPETQELFPKFVGIAKGDLAGNAAISAHGATVLKKLGELLKAKGNHATILKPLADSHATKHKITINNFKLITEVIIKVMAEKAGLDSAGQQAMRNVMSVVIADIDASYKELGFSG
201,A0A667H0L5,MGLSDGEWQLVLNVWGKVETDLAGHGQEVLISLFKGHPETLEKFEKFKHLKTEDEMKGSEDLKKHGNTVLTALGGILKKKGQHEAELKPLAQSHATKHKIPVKYLEFISEAIIQVLQSKHPHDFGTDAQAAMRKALELFRNDIAAKYKELGFQG
202,A0A668ALA8,MADFDMVLKCWGPVEADYTTHGGLVLTRLFTEHPDTQKLFPKFAGIAQGELAGNAAVSAHGATVLKKLGELLKAKGDHAAILKPLATTHANTHKIAINNFKLITEVIAKVMGEKAGLDAAGQDALRKVMAAVIADIEAVYKELNFSG
203,A0A668V377,MGDFDAVLKHWGPVEADYTGYGSLVLTRLFTEHPETQKLFPKFVGIPQGELASSSAVADHGATVLKKLGELLKAKGNHAAILKPLANSHATKHKIPINNFKLISEVIVKVFAEKAGLDAAGQQGLRNVMSKVIADLEASYKELGFTG
204,A0A669PZD3,MKGSEDLKKHGATVLTQLGKILKQKGNHESELKPLAQTHATKHKIPVKYLEFISEVIIKVLLKHAADFGADSQAAMKKALELFRNDMASKYKEFGFQG
205,A0A670ITG1,MGLSDQEWQKVVDIWGKVEPDLPAHGQEVIIRMFQKHPETQERFDKFKNLKTVDDMKSSEELKKHGTTVLTALGKILKQKGNHEAELAPLAQTHANTHKIPVKYLEFICEIIVGVIAEKHSADFGADSQAAMRKALELFRNDMASKYKEHGFQG
206,A0A670XNN1,MGLTEQEWQKVMDIWDKVEPDLSLHGQEVIIRMFQNHPETQERFVKFKNFKTLEEMKNSEELKKHGTTVLSALGKILKQKGSHEAELAPLAQTHANKHKIPVKYLEFISEVIIGVIAEKHSADFGADCQEAMRKALELFRNDMASKYKELGFQG
207,A0A671E4F7,MGLSDGEWQLVLKVWGKVEADIPTHGQEVLISLFKGHPETLEKFEKFKNLKSEDEMKASEDLKKHGATVLTALGGILKKKGQHEAELKPLAQSHATKHKIPVKYLEFISDAIIQVLQSKHPGDFGADAQGAMKKALELFRNDIAAKYKELGFQG
208,A0A671KES5,MADHDLVLKCWGGVEADFEGHGGEVLTRLFKEHPETLKLFPKFVGIAQSDLVGNAAVAAHGATVLKKLGELLKARGDHAALLKPLATTHANTHKVALNNFRLITEVLVKVMAEKAGLDAAGQSALRRVMEAVIGDIDAYYKEIGFAG
209,A0A671PDY1,MMTDHNRIMADYNVVLDCWKNVKADYAGYGGKVLTRLFQKYPQTKKLFPKFKDIPTSDLEGNAVVGAQGAIVLKKLGELLEAKGDRTKIRELLDTSQANTHKIDLGSFKLITKVLVEVMVEKARLDAAKQGALERVMNHLISIIDGRYEEIGFNG
210,A0A671YNP3,MDDFDKVLKFWGPVEADYSVNGGLVLNRLFTEYPETLQLFPKFEGIAKGDLAGNAAVAAHGSTVLKKLAEFLKAKGDHAALLKPMANSHALKHKVAIDNFKHMTEIIIKVMTEKAGLDAAGQQALRNVMAVIIADMEVQYKELGFSG
211,A0A672F9S4,MADFDVVLKHWGAVEADYTSHGNLVLTRLFTEHPDTQNLFPKFVGIAQGDLAGNAAVSAHGATVLKKLGELLKAKGDHAAILKPLANSHANKHKIAINNFKLISEVIVKVMEEKAGLDAAGQQALRNVMAAVIADIEANYKELGFSG
212,A0A672NDH9,MADHDLVLKCWGGVEADFEGHGGEVLTRLFKEHPDTQKLFPKFVGIAQSDLAGNTAVAAHGATVLKKLGELLKARGDHAALLKPLATTHANTHKIALNNFRLITEVLVKVMAEKVGLDAAGQSALRRVMEAVIGDIDAYYKEIGFAG
213,A0A672QZ13,MMAAHNQIMADYKVVLNCWEDVKGDYAGYGGKVLTRLFKEYPHTRKFFPKIKSIPMSDLEGNVAVGAQGAIVLRKLGKLLEAKGDHATIRKLLDTSQDNTHKIDLSSFRLITEVLVEVLVEKVKRRALETVMKHLIDVIALYYKEIGFDDLTTS
214,A0A672TJP4,MGLSDQEWQQVLAIWGKVESDVAGHGHEILMRLFKDHPETLDRFEKFKGLKTPDQMKGSEDLKKHGATVLTQLGKILKQKGNHEAELKPLAQTHATKHKIPVKYLEFISEVIIKVLGEKHAADFGADSQAAMKKALELFRNDMAAKYKEFGFQG
215,A0A672TSZ4,MSFSEAEVQSARGAWEKIYVDAEDNGTTVLVRMFTEHPDTKSYFSHFKGMDSAEEMKQSDQIRGHGKRVFTAINDMVQHLDNSEAFLGIVNPLGKKHATQLKIDPKNFRVICDIILQLMEEKFGGDCKASFEKVTNEICTHLNNVYKEAGW
216,A0A672YED4,MADFDMVLKFWGPVEADYTSHGNLVLTRLFTEHPDTQKLFPKFAGIAQADLAGNVAVSAHGATVLKKLGELLKAKGNHAAILKPLANSHATKHKIAINNFRLISEVIVKVMAEKAGLDAAGQQALRNVMEVVITDIEANYKELGFSG
217,A0A673FRU3,MADHDLVLKCWGGIEADFEGHGGEVLTRLFKEHPETQKLFPKFVGIAQSDLAGNAAVAAHGATVLKKLGELLKARGDHAAVLKPILTEPAPYIHTHIYIYIVLYICCIINK
218,A0A673H7E5,MADYNVVLNCWKDVEADYAGYGGKVLTRLFQKYPQTKKLFPKFKDIPTSDLEGNAAVGAQGAIVLRKLGKLLEAKGDRTKIRELLDTSQANTHKIDLGSFKVTNHTFIHRHIHRNIRLRSGPKAGHKINHTKPYLSHKIFIYYL
219,A0A673VGU4,MGLSDGEWQLVLNVWGKVETDLAGHGQEVLIRLFKGHPETLEKFDKFKHLKTEDEMKGSEDLKKHGNTVLTALGGILKKKGQHEAELKPLAQSHATKHKIPVKYLEFISDAIIQVLQSKHPGDFGADAQAAMKKALELFRNDIAAKYKELGFQG
220,A0A674D6D6,MSSIMANYDMVLQCWGPVEADYNKHGGLVLSRLFAERPETLTLFPKFAGIAAGDLSGNAAVAAHGATVLRQLGELLNARGDHAAILKPLATTHANKHKIPLNNFTLITEIICKVMGEEAGLDEAGQEALRQVMVVIIADINVTYKELGFAG
221,A0A674EG00,MANFVMVLKCWGPVEADYNTHGVLSRSSTQTLFPKFAGIAAGDLSGNAAVAAHRATVLKKLGELLKAKGDHAAILKPLATTHANKHKIALNNFMLITEIICKVMGEKAGLDGAGQEALRQVMGVIIADIDVTYKELGFAG
222,A0A674J4K0,MAFSEAEVQRARGAWEKMYANAEDNGTTVLVRMFTEHPDTKSYFTHFKGMGTAEEMEQSDQVRNHGKRVLTTINDLVQHLDSTDAFLGIVNPLGKKHAMQLKIDPKNFKIICDIILQLMEEKYGGDCKASFEKVTNEICTRLNNAYKEAGW
223,A0A674JJH8,MGLSDDEWHHVLGIWAKVEPDLSAHGQEVIIRLFQVHPETQERFAKFKNLKTIDELKSSEEVKKHGTTVLTALGRILKLKNNHEPELKPLAESHATKHKIPVKYLEFICEIIVKVIAEKHPSDFGADSQAAMRKALELFRNDMASKYKEFGFQG
224,A0A6A1PZ59,MVLTDAEWHLVLNIWAKVEADVAGHGQDILISLFKGHPETLEKFDKFKHLKTEAEMKASEDLKKHGNTVLTALGGILKKKGHHEAELKPLAQSHATKHKIPIKYLEVVSLVTRRSLALLTVAGSLGHTQFAFHLNSNPVPSNLTLNPQSKLST
225,A0A6A4VRT6,MESSEVALVQGVWQQVKPKKVHHGVEVLVKLFDKYPETKDRFPRLDVSSPEAMRGNVRMQAHAGRVVSQLGALIEDLDNMSLVNETIYLLGENHNNRKVQAKDFEKFNTVFIEYLKETLGGAFAADAEAALSKFMGIFASKMAENLDQ
226,A0A6A4X2K3,MSDRQITRSKCATGAGPVSTGPAASRRQSDQRRASAHRRPPHCSDHRAAEVAIGAWASRRRPVMEQSEIAQLRAVWELVEPDKVNHGVEILIRLFDRFPETKAKFKRLNTSSAEAMRQSARVRAHAGRVLVSLGSVIASLEDAEMVDETIFLLGDSHNRRGVTPDDFQVRCPNG
227,A0A6A5FQ66,MADFDMVLKYWGPVEADYTGNGGLVLTRLFTEHPDTQKLFPKFAGIAQSDLAGNAAVSAHGATVLKKLGELLRAKGNHTAILKPLANSHATKHKIPINNFKLITEVVIKVMVEKAGLDAAGQQALRNVMAVVIADIDADYKELGFTG
228,A0A6D5GC82,MGLSDGEWQLVLNVWGKVEADIPSHGQEVLISLFKGHPETLEKFDKFKHLKSEDEMKASEELKKHGVTVLTALGGILKKKGHHEAELKPLAQSHATKHKIPVKYLEFISDAIVHVLQKKHPGDFGADAQGAMKKALELFRNDMAAKGGQEEKLMGRGWDAEVGFTCPAVGLPVECHHPGAGSGRWLTVFCMV
229,A0A6F9C701,MADFDMVLNCWGPVEADYNTHGGLVLSRLFTEHPDTLTLFPKFAGIAAGDLSGNAAVAAHGATVLKKLGELLKAKGDHAAILKPLATTHAKQHKIALNNFKLITEIICKVMGENAGLDGAGQEALRKVMGVVIADIDVTYKELGFAG
230,A0A6F9C841,MILFTEHPDTLTLFPKFAGIAAGDLSGNAAVAAHGATVLKKLGELLKAKGDHAAILKPLATTHAKQHKIALNNFKLITEIICKVMGENAGLDGAGQEALRKVMGVVIADIDVTYKELGFAG
231,A0A6G1PBS2,MADFDLVLKCWGPVEGDPSRYGSLVLTRLFTKHPETQKLFPKFVNIPQADFATNAAIAAHGATVLNKLGELLKARGNHASIIKPLAISHATKHKIPVNNFKLISEVIVEIMAEKAGLDASGQQALRNVMAIVIADLEANYKELNC
232,A0A6I9HJC5,MGLSDQEWQQVLTVWGKVESDLAGHGHQILMRLFQDHPETLDRFEKFKGLKTPDAMKGSEDLKKHGVTVLTQLGKILKAKGNHEAELKPLAQTHATKHKIPVKYLEFISEVIIKVLAEKHAADFGADAQAAMKKALELFRNDMASKYKEFGFQG
233,A0A6I9IAX0,MGLSDGEWQLVLNVWGKVEADVAGHGQEVLIRLFTGHPETLEKFDKFKHLKTADEMKASEDLKKHGNTVLTALGGILKKKGHHEAELKPLAQSHATKHKIPVKYLEFISDAIIHVLQSKHPGDFGADAQAAMNKALELFRNDMAAKYKELGFQG
234,A0A6I9M3P7,MTLSDGEWQLVLNAWGKVETDLAGLGQEVLISLFTSHPETLEKFDKFKNLKTADEMKGSEDLKKHGCTVLTALGGILKKKGQHAAEIQPLAQSHATKHKIPVKYLEFISDAIIQVLKGKLSGDFGADAQGAMSKALELFRNDIAAKYKELGFQG
235,A0A6I9PTR8,MADFDMVLKCWGPVEADYATHGGLVLTRLFTEHPETLKLFPKFAGIAHGDLAGDAGVSAHGATVLNKLGDLLKARGAHAALLKPLSSSHATKHKIPIINFKLIAEVIGKVMEEKAGLDAAGQTALRNVMAVIIADMEADYKELGFTE
236,A0A6I9XPR3,MGLSEQEWQKVVDIWGKVEPDLSLHGQEVIIRMFQNHPETQERFDKFKNFKTLDEMKSSEELKKHGTTVLSALGKILKQKGSHEVELAPLAQTHANKHKIPVKYLEFISEIIIGVIAEKHSAEFGADCQEAMRKALELFRNDMASKYKELGYQG
237,A0A6J0A2H6,MGLSDGEWQLVLNVWGKVETDLAGHGQEVLISLFKGHPETLEKFEKFKHLKTEDEMKGSEDLKKHGNTVLTALGGILKKKGQHEAELKPLAQSHATKHKIPVKYLEFISEAIIQVLQSKHPHDFGTDAQAAMRKALELFRNDIAAKYKELGFQG
238,A0A6J0HWP8,MGLSDQEWQQVLTVWGKVESDLAGHGHIILMRLFQDHPETIEKFEKFKGLKTPDAMKGSEDLKKHGATVLTQLGKILKQKGNHESELKPLAQTHATKHKIPVKYLEFISEVIIKVLAEKHAADFGADAQAAMKKALELFRNDMAAKYKEFGFQG
239,A0A6J0T7B6,MGLSDQEWQKVIDIWGKVEPDLPAHGQEVIISLFQNHPETQDKFDKFKNLKSMDEMRSSEELKKHGTTVLTALGKILKQKGNHEAELTPLAQSHANKHKIPIKYLEFICEIIVAIIAEKYAADFGPDSQAAMRKALELFRNDMASKYKDFGFQG
240,A0A6J0WPG8,MGLSDGEWQLVLNAWGKVEADVAGHGQEVLIRLFTGHPETLEKFDKFKHLKTEAEMKASEDLKKHGNTVLTALGGILKKKGHHEAEVKHLAESHANKHKIPVKYLEFISDAIIHVLHAKHPSDFGADAQGAMSKALELFRNDMAAQYKVLGFQG
241,A0A6J1WE28,MGLTEQEWQKVMDIWDKVEPDLSLHGQEVIIRMFQNHPETQERFVKFKNFKTLEEMKNSEELKKHGTTVLSALGKILKQKGSHEAELAPLAQTHANKHKIPVKYLEFISEVIIDVIAEKHSADFGADCQEAMRKALELFRNGMASKYKELGFQG
242,A0A6J2D4H3,MGRPSPDCAMGLSDGEWQLVLNIWGKVEADLVGHGQEVLIRLFKGHPETLEKFDKFKHLKSEDEMKRSEDLKKHGKTVLTALGGILKKKGHHDAELKPLAQSHATKHKIPIKYLEFISEAIIHVLQSKHPGDFGADTHAAMKKALELFRNDIAAKYRELGFQG
243,A0A6J2G7E9,MGLSDQEWQQVLTVWGKVESDLAGHGHIILMRLFQDHPETIEKFEKFKGLKTPDAMKGSEDLKKHGATVLTQLGKILKQKGNHESELKPLAQTHATKHKIPVKYLEFISEVIIKVLAEKHAADFGADAQAAMKKALELFRNDMAAKYKEFGFQG
244,A0A6J2GTU9,MSFSEAEVQSARGAWEKMYVDAEDNGTTVLVRMFTEHPDTKSYFTHFKGMDSAEEMKQSDQVRGHGKKVFTAINDMVQHLDNSEAFLGIVNPLGKKHATQLKIDPKNFRIICDIILQLMEEKFGGDCKASFEKVTNEICTHLNNVYKEEGW
245,A0A6J2N7N6,MGLSDGEWQAVLNIWGKVETDIPGHGQAVLISLFKGHPETLEKFDKFKNLKSEDEMKASEDLKKHGATVLTALGGILKKKGQHEAELKPLAHSHATKHKIPVKYLEFISEAIIQVLQSKHPGDFGADVQGAMKKALELFRNDIAAKYKELGFQG
246,A0A6J2PWM5,MTDFDMVLKYWGPVEADYTGHGSLVLTRLFTEHPETLKLFPKFAGIANGDMPSDANVSALGASMLKKLGELLRAKGDRAAIIKPLANDHATKHKVPLSNFKLMAKVLGKVLEEKAGLDAAGQQALRKVMAGIIADMEANYKELGFTG
247,A0A6J3EQX3,MTESCLTVTRGQILCVLKYGAARARLAPGCTLHSTGARHSQGCGRHPEPSPAPRLFQDHPETLDRFEKFKGLKTPDQMKGSEDLKKHGVTVLTQLGKILKQKGNHEAELKPLAQTHATKHKIPVKYLEFISEVIIKVIAEKHSADFGADSQAAMKKALELFRNDMASKYKEFGFQG
248,A0A6J3H739,MGLSDGEWQLVLNVWGKVEADIPSHGQEVLISLFKGHPETLEKFDKFKHLKSEDEMKASEELKKHGATVLTALGGILKKKGQHEAELKPLAQSHATKHKIPVKYLEVIRVPSCHESTKNKGKTHKFIPYASGVVLTAASDLRWLEPDLTN
249,A0A6J3S3Q6,MGLSDGEWQLVLNVWGKVEADLAGHGQDVLIRLFKGHPETLEKFDKFKHLKTEADMKASEDLKKHGNTVLTALGAILKKKGHHDAELKPLAQSHATKHKIPIKYLEFISEAIIHVLHSRHPAEFGADAQGAMNKALELFRKDIAAKYKELGFHG
250,A0A6P3EQL6,MGLSDGEWQLVLNVWGKVEGDLSGHGQEVLIRLFKGHPETLEKFDKFKHLKAEDEMRASEDLKKHGTTVLTALGGILKKKGQHAAELTPLAQSHATKHKIPVKYLEFISEAIIQVLQSKHPGDFGADAQGAMSKALELFRNDIAAKYKELGFQG
251,A0A6P3IUE4,MGLSDGEWQLVLNAWGKVEADVAGHGQEVLIRLFTGHPETLEKFDKFKHLKTEAEMKASEDLKKHGNTVLTALGGILKKKGHHEAEVKHLAESHANKHKIPVKYLEFISDAIIHVLHAKHPSDFGADAQAAMSKALELFRNDMAAQYKVLGFHG
252,A0A6P3RQF0,MGFQVPLMGRRGPNAFALCRDHTMGLSDGEWQLVLNVWGKVEADIPGHGQEVLIRLFKGHPETLEKFDKFKHLKSEDEMKASEDLKKHGATVLTALGGILKKKGQHEAELKPLAQSHATKHKIPVKYLEFISEVIIQVLQSKHPGDFGADAQGAMKKALELFRNDIAAKYKELGFQG
253,A0A6P3W7J0,MTGIKGELLEGDSKLSFRTLKRHTFYQGNRRNFFQTMADFDLVLKCWGPVEADYKTYGGEVLSRLFKEHPDTLPLFPKFAGIAAGDLAGNAAVAAHGETVLKKLAELLRAKGSHADLLKPMATTHAQKHKISLNNFKLITAVIAKVMGEKAGLDAAGQDALERVMGVVINDIDGYYKELGFAG
254,A0A6P4W3T7,MGLSDGEWQLVLNVWGKVETDLAGHGQEVLISLFKGHPETLEKFEKFKHLKTEDEMKGSEDLKKHGNTVLTALGGILKKKGQHEAELKPLAQSHATKHKIPVKYLEFISEAIIHVLQSKHPHDFGTDAQAAMRKALELFRNDIAAKYKELGFQG
255,A0A6P5BUC2,MGLSDGEWQLVLNAWGKVEADVAGHGQEVLIRLFTGHPETLEKFDKFKHLKTEAEMKASEDLKKHGNTVLTALGGILKKKGHHEAEVKHLAESHANKHKIPVKYLEFISDAIIHVLHAKHPSDFGADAQAAMSKALELFRNDMAAQYKVLGFHG
256,A0A6P5JZ90,MGLSDGEWQLVLNTWGKVEADLGGHGQEVLIRLFKGHPETLEKFDKFKHLKSEDEMKASEDLKKHGTTVLTALGNILKKKGQHEAELKPLAQSHATKHKISVQYLEFISEAIIQVIQSKHAGDFGGDAQAAMKKALELFRHDMAAKYKEFGFQG
257,A0A6P6C6Z3,MFHTHSGFPKSLIVFPAPIPTPRFQGCLSNHHRPDAEGPQVFAGEAGPPNHRMEQSPVPSLHWIMRLFKGHPETLEKFDKFKHLKSEDEMKASEDLKKHGATVLTALGGILKKKGQHEAELKPLAQSHATKHKIPVKYLEFISEVIIQVLQSKHPGDFGADAQGAMKKALELFRNDIAAKYKELGFQG
258,A0A6P6C6Z9,MCCQKDHTMGLSDGEWQLVLNVWGKVEADIPGHGQEVLIRLFKGHPETLEKFDKFKHLKSEDEMKASEDLKKHGATVLTALGGILKKKGQHEAELKPLAQSHATKHKIPVKYLEFISEVIIQVLQSKHPGDFGADAQGAMKKALELFRNDIAAKYKELGFQG
259,A0A6P6C702,MFHTHSGFPKSLIVFPAPIPTPRFQGCLSNHHRPGPQVFAGEAGPPNHRMEQSPVPSLHWIMRLFKGHPETLEKFDKFKHLKSEDEMKASEDLKKHGATVLTALGGILKKKGQHEAELKPLAQSHATKHKIPVKYLEFISEVIIQVLQSKHPGDFGADAQGAMKKALELFRNDIAAKYKELGFQG
260,A0A6P6C709,MGLSDGEWQLVLNVWGKVEADIPGHGQEVLIRLFKGHPETLEKFDKFKHLKSEDEMKASEDLKKHGATVLTALGGILKKKGQHEAELKPLAQSHATKHKIPVKYLEFISEVIIQVLQSKHPGDFGADAQGAMKKALELFRNDIAAKYKELGFQG
261,A0A6P6C732,MFHTHSGFPKSLIVFPAPIPTPRFQGCLSNHHRPVFAGEAGPPNHRMEQSPVPSLHWIMRLFKGHPETLEKFDKFKHLKSEDEMKASEDLKKHGATVLTALGGILKKKGQHEAELKPLAQSHATKHKIPVKYLEFISEVIIQVLQSKHPGDFGADAQGAMKKALELFRNDIAAKYKELGFQG
262,A0A6P6C7L9,MFPSCPDHTMGLSDGEWQLVLNVWGKVEADIPGHGQEVLIRLFKGHPETLEKFDKFKHLKSEDEMKASEDLKKHGATVLTALGGILKKKGQHEAELKPLAQSHATKHKIPVKYLEFISEVIIQVLQSKHPGDFGADAQGAMKKALELFRNDIAAKYKELGFQG
263,A0A6P6I2T5,MGLSEGEWQLVLNVWGKVETDLAGHGQEVLISLFKGHPETLEKFEKFKHLKTEDEMKGSEDLKKHGNTVLTALGGILKKKGQHEAELKPLAQSHATKHKIPVKYLEFISEAIIHVLQSRHPHDFGTDAQAAMRKALELFRNDIAAKYKELGFQG
264,A0A6P6KNM0,MADYDRVLKCWGAVEADYTGNGGEVLTRLFKAHPDTQKLFPKFKGISQSELAGNALVAAHGATVLKKLGELLRAKGDHAAILHPMATTHANKHKIALNNFRLITEALVEVMKEKAGLDSAGQGALKRIMDCIIHDIDRYYKEIGFDG
265,A0A6P6KRD9,MNVGNFPNLQSVTHSSEGVAKMMADYEMFLKPWGNFVIEGAGHGGEVLKRLFQKHPDTLKLFPEFKSISYVELGKHGKTLLEKLGELLWAKGNHAAIIQKLATSDVKTDKIIHKYFRRISGVLMEVMKDYGFLSSNDWKKLERVMDNIAKDI
266,A0A6P6N1U6,MADHELVLKCWGSVEADFEGTGGEVLTRLFKQHPETQKLFPKFVGIAPSDLAGNAAVNAHGATVLKKLGELLKARGDHAAILKPLATTHANKHKIGLNNFRLITEVLVKVMAEKAGLDAAGQSALRKVMDVVIGDIDVYYKEFGFAG
267,A0A6P7DSP6,MGLSDGEWQLVLNAWGKVEADVAGHGQEVLIRLFTGHPETLEKFDKFKHLKTEAEMKASEDLKKHGNTVLTALGGILKKKGHHEAEVKHLAESHANKHKIPVKYLEFISDAIIHVLHAKHPSDFGADAQGAMSKALELFRNDMAAQYKVLGFQG
268,A0A6P7IMZ3,MADFDLVLKHWGPVEADYTGIGGLVLTRLFTEHPETQQLFPRFCNIAQADLAGNADVSAHGAVVLKKLGELLKAKGNHAAILKPLAVTHANKHKISIHNFKLISEIVVKVMAEKAGLDPAGQQALRKVMAVVISDIEANYKELGFSG
269,A0A6P7NG34,MADFDLVLKHWELVEADYSGYGNLVLTRLFTEHPETQKLFPKFADIPQGELAGNADLSAHGAIVMKALGDLLKAKGNHESILKPLANTHATKHKIPFNNFQVITVVIAKVLEEKAGLDAAGQKALANVMALVISDIKANYQELGVTC
270,A0A6P7NL29,MADFDLVLKHWGSVEADYSGHGNLVLTRLFTEHPETQKLFPKFAGIPQGELAGNAALSAHGAIVLKKLGELLKAKGNHESILKPLANSHATKHKIPINNFKLITEVIAKVMEEKAGLDAAGQKALRNVMALVISDMEANYKELGFTG
271,A0A6P7QM73,MGLSDGEWQLVLNVWGKVEADLAGHGQEVLIGLFKTHPETLDKFDKFKNLKSEEDMKGSEDLKKHGCTVLTALGTILKKKGQHAAEIQPLAQSHATKHKIPVKYLEFISEIIIEVLKKRHSGDFGADAQGAMSKALELFRNDIAAKYKELGFQG
272,A0A6P7YCT3,MALSDQEWHHILHVWEKVEADLTGHGHAVLIRLFHDDPDALKFFERFKHMKPDELQHSEDVKKHGNTVFTALGKIIKKKGHHEAELKPLAKSHATVHKIPIKQLEHISAKIIDVLKEKHPADFGADGQAAMKKFLDMFCHEMAAGYKEHGFHG
273,A0A6P8PTI5,MVLSESEWQHLLKLWEKVEVDPSEHGKIVLLRLFHDNPKTLEHFEKFKHLKPDELKHSEDLKKHGNTVFTALGKILKKKGHHEAELKPLALSHATKHKIPIQFLQDFGSAFSHTMAEKHPAECGADTQAAIKKFMDMFCHDMAAGYKEHGFHG
274,A0A6P8T6P1,MADFDMVLKCWGPVEADYATHGSLVLTRLFTEHPETLKLFPKFAGIAHGDLAGDAGVSAHGATVLNKLGDLLKARGAHAALLKPLSSSHATKHKIPIINFKLIAEVIGKVMEEKAGLDAAGQTALRNVMAAIIADMEADYKEMGFTE
275,A0A6P9ANI3,MGLTEQEWQKVMDIWDKVEPDLSLHGQEVIIRMFQNHPETQERFVKFKNLKTLDEMKNSEEVKKHGTTVLSALGKILKQKGSHEAELAPLAQTHANKHKIPVKYLEFISEIIIGVFAEKHSAEFGADGQEAMRKALELFRNDMASKYKELGFQG
276,A0A6P9DN52,MAVFGGPSGKLMVGPPTSDPLKDLTEGDQQLIRDIWGKVFDNAEENGRLVIIRFFKESPESKQYFKNIPNEGDLMMIPEVGFHGRRIMVTLNQLIESMCHWKQACKLIERLVESHKNIHKVPLSMFQFLFQAILSVFQDLLKEEFTDDAQLAWEKFFLILREEIEAAYAQEQKL
277,A0A6P9E1Q1,MHPFLFYFMEFAEYPRKALGNKTKLKLRTKILHSVSYLTWFSPLWEHSSSCSKACQGTSSSFPSRPPTSDPLKDLTEGDQQLIRDIWGKVFDNAEENGRLVIIRFFKESPESKQYFKNIPNEGDLMMIPEVGFHGRRIMVTLNQLIESMCHWKQACKLIERLVESHKNIHKVPLSMFQFLFQAILSVFQDLLKEEFTDDAQLAWEKFFLILREEIEAAYAQEQKL
278,A0A6P9FHE2,MKRSEDLKKHGKTVLTALGGILKKKGHHDAELKPLAQSHATKHKIPIKYLEFISEAIIHVLQSKHPGDFGADTHAAMKKALELFRNDIAAKYRELGFQG
279,A0A7J5YSU2,MADFDMVLKCWGPVEADYATHGSLVLTRLFTEHPETLKLFPKFAGIAHGDLAGDAGVSAHGATVLKKLGDLLKARGAHAALLKPLSSSHATKHKIPIINFKVRLIDMRASSNLIAEVIGKVMEEKAGLDAAGQTALRNVMAVIIADMEADYKELGFTE
280,A0A7J7EW16,MGLSDAEWQLVLNVWGKVEADVPGHGQEVLIRLFTGHPETLEKFDKFKHLKTEAEMKASEDLKKHGNTVLTALGGILKKKGHHEAELKPLAHSHATKHKIPIKYLEFISDAIIHVLQSKHPGDFGADAQGAMKKALELFRNDIAAQYKELGFQG
281,A0A7J7Z618,MEPRFPLPPPQTGIQSPLLPAPPSCRGSPGQTPVSVSVSTPGRKGPRGCHKRVDRPSHFNSQMNSSFVLSQTSLFKGHPETQEKFEKLKNLKSEDEMKASEDLKKQGATVLTALGGVLKKKGQHEAELKPLAQSHATKHKVPVKYLEFISDSIIEVLQSKLGGDFGADAQGAMKKALELFRNDMAAKYKELGFQG
282,A0A7J7Z640,MGLSDGEWQLVLNAWAKVETDIPGHGQAVLISLFKGHPETQEKFEKLKNLKSEDEMKASEDLKKQGATVLTALGGVLKKKGQHEAELKPLAQSHATKHKVPVKYLEFISDSIIEVLQSKLGGDFGADAQGAMKKALELFRNDMAAKYKELGFQG
283,A0A7J7Z797,MGLSDGEWQLVLNAWAKVETDIPGHGQAVLISLFKGHPETQEKFEKLKNLKSEDEMKASEDLKKQGATVLTALGGVLKKKGQHEAELKPLAQSHATKHKVPVKYLEIS
284,A0A7J7ZKE4,MGLSDGEWQLVLNAWGKVEADIPGHGQAVLISLFKGHPETLEKFEKFKNLKSEDEMKASEDLKKHGATVLTALGGILKKKGQHEAELKPLAQSHATKHKIPVKYLEFISECIIQELQSKLGGDFGADAQEAMKKALELFRNDIAAKYKELGFQG
285,A0A7J8FZ66,MGLSDGEWQLVLNIWGKVEADLPGHGQEVLISLFKGHPETLEKFEKFKNLKTEDEMKASEDLKKHGTTVLTALGGILKKKGQHEAELKPLAQSHATKHKIPVKYLEFISDAIIQVLQSKHSGDFGADAQGAMKKALELFRNDIAAKYKELGFQG
286,A0A7J8JHH8,MKSEDEMKASEDLKKHGATVLTALGGILKKKGQHEAELKPLAQSHATKHKIPVKYLEFISEVIIQVLQSKHPGDFGADAQGAMKKALELFRNDIAAKYKELGFQG
287,A0A7J8JI11,MGLSDGEWQLVLNVWGKVEADIPGHGQEVLIRLFKGHPETLEKFDKFKHMKSEDEMKASEDLKKHGATVLTALGGILKKKGQHEAELKPLAQSHATKHKIPVKYLEFISEVIIQVLQSKHPGDFGADAQGAMKKALELFRNDIAAKYKELGFQG
288,A0A7M4FP57,MQPSDQEWKHVLDIWAKVESRLPEHGHEVIIRLLQEHPETQERFEKFKHMKTADEMKSSEEMKAHGTKVFTTLGKILKQKGNHAEVLNPLAESHALKHKIPVKYLEFISEIIVKVIAEKYPEDFGADSQAAMRKVLELFRNDMASKYKEFGFQG
289,A0A7N4P8Z8,MGLSDGEWQLVLTVWGKVEADIPGHGQEVLIRLFKGHPETLEKFDKFKHLKSEDEMKASEDLKKHGSTVLTALGNILKKKGQHEAELQPLAQSHATKHKISVQFLEFISEAIIQVIQSKHSADFGGDAQAAMRKALELFRNDMAAKYKELGFQG
290,A0A7N9CCG0,MGLSDGEWQLVLNVWGKVEADIPSHGQEVLIRLFKGHPETLEKFDKFKHLKSEDEMKASEDLKKHGVTVLTALGGILKKKGHHEAEIKPLAQSHATKHKIPVKYLELISESIIQVLQSKHPGLSSVHCSLPSQPSPWRSPSLLMVTPLCLRLGPSPSPVSSVPSPAVTPSFSPKHPPPSLPDLS
291,A0A7U3QE75,MADFDMVLKCWGPVEADHATHGSLVLTRLFTEHPETLKLFPKFAGIAHGDLAGDAGVSAHGATVLKKLGDLLKARGGHAALLKPLSSSHATKHKIPIINFKLIAEVIGKVMEEKAGLDAAGQTALRNVMAIIITDMEADYKELGFTE
292,A0A7U3QE94,MADFDMVLKCWGPVEADYATHGSLVLTRLFTEHPETLKLFPKFAGIAHGDLAWDAGVSAHGATVLNKLGDLLKARGAHSALLKPLSSSHATKHKIPIINFKLIAEVIGKVMEEKAGLDAAGQTALRNVMAIIIADMEADYKELGFTE
293,A0A803VM87,MELLQQLCSASLGNIQNSVHKQQPLMYQEHVSVVSERLFQDHPETLDRFEKFKGLKTPDAMKGSEDLKKHGTTVLTQLGKILKAKGNHEAELKPLAQTHATKHKIPVKYLEFISEVIIKVIAEKHAADFGADAQAAMKKALELFRNDMASKYKEFGFQG
294,A0A803YGM8,MGCSESEDKAAQGSAFISRLFHDHPETLDRFDKFKGLKTPDQMKGSEDLKKHGATVLTQLGKILKQKGNHESELKPLAQTHATKHKIPVKYLEFISEVIIKVIAEKHAADFGADSQAAMKKALELFRNDMASKYKEFGFQG
295,A0A811YK22,MGLSDGEWQLVLNIWGKVETDLVGHGQEVLIRLFKNHPETLDKFDKFKHLKTEDEMKGSEDLKKHGNTVLTALGGILKKKGHHEAELKPLAQSHATKHKIPVKYLEFISDAIIQVLKSKHSGDFHADTEAAMKKALELFRNDIAAKYKELGFQG
296,A0A822CM19,MGLSDGEWQMVLNIWGKVEGDLAGHGQEVLISLFKAHPETLEKFDKFKNLKSEEEMKSSEDLKKHGCTVLTALGTILKKKGQHAAEIQPLAQSHATKHKIPVKYLEFISEVIIQVLKKRYSGDFGADAQGAMSKALELFRNDIAAKYKELGFQG
297,A0A834C496,MADYDLILKHWGPVEADYSAHGNLVLTRLFHEYPDTQKLFPKFAGIAKGDMAGNAALSAHGATVLKKLGELLKARGNHGAILKPLANSHATKHKIPINNFRLISEVIGKVMGEKAGLDAAGQQALRNVMATIIADIEADYKELGFAG
298,A0A8B6YEL0,MGLSDGEWQLVLNVWGKVEADVAGHGQEVLIRLFTGHPETLEKFDKFKHLKTADEMKASEDLKKHGNTVLTALGGILKKKGHHEAELKPLAQSHATKHKIPVKYLEFISDAIIHVLQSKHPGDFGADAQAAMNKALELFRNDMAAKYKELGFQG
299,A0A8B7AX47,MGLSDAEWQLVLNVWGKVEADIPGHGQDVLIRLFKGHPETLEKFDRFKHLKTEDEMKASEDLKKHGTTVLTALGGILKKKGQHQAEIQPLAQSHATKHKIPVKYLEFISEAIIQVIQSKHSGDFGADAQGAMSKALELFRNDIAAKYKELGFQG
300,A0A8B7IY50,MVILDRTYSSWTLALVQRVALSGLTSPPASVCRLFHDHPETLDRFEKFKGLTTPDQMKASEDLKKHGVTVLTQLGKILKQKGNHEAELKPLAQSHATKHKIPVKYLEFISEVIIKVIAEKHSADFGADSQAAMKKALELFRNDMASKYKEFGFQG
301,A0A8B7IYY7,MSFSEAEVQSACGAWEKIYVDAEDKGTAVLVRMFTEHTDTKSYFTHFTGMDTAEEMKQSDQVRGHGKKVFTAINDMVQHLDNTEAFLEIVNPLGKKHVTQLKIDPKNFKIICDIILQLMEEKFGGDCKASFEKVTNEICTRLNNAYKEAGW
302,A0A8B7QLF9,MGLSDGEWQLVLNVWGKVEADIPTHGQEVLISLFKGHPETLEKFDKFKNLKSEADMKASEDLKKHGAVVLTALGGILKKKGQHEAELKPLAQSHATKHKIPVKYLEVGGGARGGWQDGRRGPERMGFGFKSQLSHQLAG
303,A0A8B9BFL5,MGLSDQEWQHVLTIWGKVEADLAGHGHAVLMRLFQDHPETLDRFEKFKGLKTPDQMKGSEDLKKHGVTVLTQLGKILKQKGNHEAELKPLAQTHATKHKIPVKYLEFISEVIIKVIAEKHSADFGADSQAAMKKALELFRNDMASKYKEFGFQG
304,A0A8B9EQJ7,MKGSEDLKKHGVTVLTQLGKILKQKGNHEAELKPLAQTHATKHKIPVKYLEFISEVIIKVLLKHSADFGADSQAAMKKALELFRNDMASKYKEFGFQG
305,A0A8B9F5D7,MKGSEDLKKHGATVLTQLGKILKQKGNHEAELKPLAQTHATKHKIPVKYLEFISEVIIKVLLKHAADFGADSQAAMKKALELFRNDMAAKYKEFGFQG
306,A0A8B9ITB6,MSFSEAEVQSARGAWEKIYVDAEDNGTTVLVRMFTEHPDTKSYFSHFKGMDSAEEMKQSDQIRGHGKRVFTAINDMVQHLDNSEAFLGIVNPLGKKHATQLKIDPKNFRVICDIILQLMEEKFGGDCKASFEKVTNEICTHLNNVYKEAGW
307,A0A8B9JED9,MADFDAVLKVWGAVEADFTGYGGEVLSRLFLEYPETQKLFPKFVGIPRGEVVGNAAIAAHGVTVLKKLGELLKAKGNHASILKPLATTHANQHKIGLNNFKLITEILAKVLGEKAGLDGAGQDSLRKVLGIVINDIDGYYKELGFAG
308,A0A8B9PXP6,MSFSEAEVQSACGAWEKIYVDAEYKGTAVLVRMFAEHPDTKSYFTHFTGMDTAEEMKQSDQVRGHGKKVFTAINDMVQHLDNTEAFLEIVNPLGKKHVTQLKIDLKNFKIICDIILQLMEEKFGGDCKASFEKVTNEICTHLNNAYKEAGW
309,A0A8B9Q8Y1,MGLSDHEWQQVLTIWAKVESDLAGHGHAVLMRLFHDHPETLDRFEKFKGLTTPDQMKASEDLKKHGVTVLTQLGKILKQKGNHEAELKPLAQSHATKHKIPVKYLEFISEVIIKVIAEKHSADFGADSQAAMKKALELFRNDMASKYKEFGFQG
310,A0A8B9S1N4,MGLSDQEWQKVLAIWGKVESDLAGHGHAVLMRLFQDHPETLDRFEKFKGLKTPDQMKGSEDLKKHGLTVFTQLGKILKQKGNHESELKPLAQTHATKHKIPVKYLEFISEAIIKVIAEKHSADFGADSQAAMKKALELFRNDMASKYKEFGFQG
311,A0A8B9TTW6,MGLSDQEWQQVLTIWGKVEADLAGHGHAVLMRLFQDHPETLDRFEKFKGLKTPDQMKGSEDLKKHGVTVLTQLGKILKQKGNHEHKIPVKYLEFISEVIIKVIAEKHSADFGADSQAAMKKALELFRNDMASKYKEFGFQG
312,A0A8B9UNS6,MGLSDQEWQQVLTIWGKVEADLAGHGHAVLMRLFQDHPETLDRFEKFKGLKTPDQMKGSEDLKKHGVTVLTQLGKILKQKGNHEAELKPLAQTHATKHKIPVKYLEFISEVIIKVIAEKHSADFGADSQAAMKKALELFRNDMASKYKEFGFQG
313,A0A8B9X8K4,MGLSDGEWQLVLNAWGKEVLIRLFTGHPETLEKFDKFKHLKTEAEMKASEDLKKHGNTVLTALGGILKKKGHHEAEVKHLAESHANKHKIPVKYLEFISDAIIHVLHAKHPSDFGADAQAAMSKALELFRNDMAAQYKVLGFHG
314,A0A8B9Z114,MGLSDQEWQKVLAIWGKVESDLAGHGHAVLMRLFQDHPETLDRFEKFKGLKTPDQMKGSEDLKKHGLTVFTQLGKILKQKGNHESELKPLAQTHATKHKIPVKYLEFISEAIIKVIAEKHSADFGAESQAAMKKALELFRNDMASKYKEFGFQG
315,A0A8C0D084,MVLSDAEWQLVLNIWAKVEADVAGHGQDILIRLFKGHPETLEKFDKFKHLKTEAEMKASEDLKKHGNTVLTALGGILKKKGHHEAELKPLAQSHATKHKIPIKYLEFISDAIIHVLHSRHPGDFGADAQAAMNKALELFRKDIAAKYKELGFQG
316,A0A8C0FN64,MKGSEDLKKHGVTVLTQLGKILKQKGHHESELKPLAQTHATKHKIPVKYLEFISEVIIKVLLKHSADFGADTQAAMKKALELFRNDMASKYKEFGFQG
317,A0A8C0IX03,MGLSDDEWSHVLGIWAKVEPELPVRGQEVMIRLFQVHPETQERFAKFKNLKTIDEMKSSEELKKHGTTVLTALGRILKLKNNHEPELKPLAESHATTHKIPVKYLEFICEIIVKVIAEKHPSDFGADSQAAMRKALELFRNDMASKYKEFGFQG
318,A0A8C0JSQ7,MGQEEPPQAPEAAEGGGGEEGWCPQAAPVIGILGSLCPCQSSSNKAPPGLQGEEELCHVNCIFSSLCLCPAAIRHLSPPPAPRLGWRLQEDSWGEGETWLFKNHPETLDKFDKFKHLKTEDEMKGSEDLKKHGNTVLTALGGILKKKGHHEAELKPLAQSHATKHKIPVKYLEFISDAIIQVLQSKHSGDFHADTEAAMKKALELFRNDIAAKYKELGFQG
319,A0A8C0QVD5,MGLSDGEWQLVLNIWGKVETDLAGHGQEVLIRLFKNHPETLDKFDKFKHLKTEDEMKGSEDLKKHGNTVLTALGGILKKKGHHEAELKPLAQSHATKHKIPVKYLEFISDAIIQVLQSKHSGDFHADTEAAMKKALELFRNDIAAKYKELGFQG
320,A0A8C0UDI3,MGLSDQEWQQVLTIWGKVESDLAGHGHEVLMRLFQDHPETLDRFEKFKGLKTPDAMKGSEDLKKHGVTVLTQLGKILKAKGNHEAELKPLAQTHATKHKIPVKYLEFISEVIIKVIAEKHAADFGADSQAAMKKALELFRNDMASKYKEFGFQG
321,A0A8C0W6N0,MGESGTRRAGEGSTQHQLIMAGTRDGIKTPWARLPQTPTAWPVTQLSTCICSLSSSDATMGLSDGEWQLVLKVWGKVEADLAGHGQEVLIRLFKGHPETLEKFDKFKHLKSEDEMKASEDLKKHGVTVLTALGGVLKKKGHHEAEIKPLAQSHATKHKIPIKYLEFISEAIIHVLQSKHPGDFGADAKSAMSKALELFRHDIAAKYKELGFQG
322,A0A8C0YHB8,MTGVFFLVCFLMQTMADHELVLKCWGGVEADFEGTGGEVLTRLFKQHPETQKLFPKFVGIAQSDLAGNAAVKAHGATVLKSWASCLKARGDHAAILKPLATTHANTHKIALNNFRLITEVLVKVMAEKAGLDAGGQSALRRVMDVVIGDIDTYYKEIGFAG
323,A0A8C1CWK4,MGSQEPTMADYERVLKCWGAIEADYAGHGGEVLTRLFKEHPDTLKLFPKFKGIPQSELAGDTLVASHGATVLKKLGELLRAKGDHAAILQPLATTHANKHKIALNNFRLITEALMEVMKDKQCLTEARMGYALKRVMNHVIKCIKENTTRGG
324,A0A8C1HIU1,MGSQEPTMADYERVLKCWGAIEADYAGHGGEVLTRLFKEHPDTLKLFPKFKGIPQSELAGDTLVASHGATVLKKLGELLRAKGDHAAILQPLATTHANKHKIALNNFRLITEVLVKVMAEKAGLDTAGQGALKRVMDCIIRDIDRYYKEIGFAG
325,A0A8C1UEM4,MADHELVLKCWGGVEADFEGTGGEVLTRLFKQHPETQKLFPKFVGIAQSDLAGNAAVKAHGATVLKKLGELLKARGDHAAILKPLATTHANTHKIALNNFRLITEVLVKVMAEKAGLDAGGQSALRRVMDVVIGDIDTYYKEIGFAG
326,A0A8C1XY56,MADYERVLKCWGAIEADYAGHGGEVLTRLFKEHPDTLKLFPKFKGIPQSELAGDTLVASHGATVLKKLGELLRAKGDHAAILQPLATTHANKHKIALNNFRLITEVLVKVMAEKAGLDTAGQGALKRVMDCIIRDIDRYYKEIGFAG
327,A0A8C2F7Y6,MGLSDGEWQLVLNAWGKVEADVAGHGQEVLIRLFTGHPETLEKFDKFKHLKTEAEMKASEDLKKHGNTVLTALGGILKKKGHHEAEVKHLAESHANKHKIPVKYLEFISDAIIHVLHAKHPSDFGADAQGAMSKALELFRNDMAAQYKVLGFQG
328,A0A8C2IIX6,MADYERVLKCWGAIEADYVGHGGEVLTRLFKEHPDTLKLFPKFKGIPQSELAGDTLVASHGATVLKKLGELLRAKGDHAAILQPLATTHANKHKIALNNFRLITEVLVKVMAEKAGLDTAGQGALKRVMDCIIRDIDRYYKEIGFAG
329,A0A8C2NV74,MPGGRWRLMSQATGRRSSSVRFKGVPEPGNCKRESFQGTEAIRQEEEKSSRQGHSGRGFPVQHKRESMNYGTICVGSRLALLLTRHVTLDKSPTSAAFPLPMSNGENLSFLPVAGSSQAEMKASEDLKKHGNTVLTALGGILKKKGHHEAEVKHLAESHANKHKIPVKYLEFISDAIIHVLHAKRAMSKALELFRNDMAAQYKVLGFQG
330,A0A8C2VAM7,MGLSDGEWQLVLNVWGKVEGDLGGHGQEVLIRLFKGHPETLEKFDKFKHLKTEDEMRASEDLKKHGTTVLTALGGILKKKGQHAAELAPLAQSHATKHKIPVKYLEFISEAIVQVLQSKHPGDFGADAQGAMSKALELFRNDIAAKYKELGFQG
331,A0A8C2WSN1,MADFDLVLKYWGPVEANYLAYGNLVLSRLFAEHPDTQKLFPKFADIAQGDLAADVAVSTLGATVLRKLGELLRAKGSHAALLKPLVDIHGNKHKIPINNFRLIAVVVGKVLGEKAGLDAAGQQALSNVMAVVIADMEAEYKQRGFTV
332,A0A8C2YFJ5,MGLSDQEWQQVLTIWGKVEADIAGHGHEVLMRLFRDHPETLDRFEKFKGLKTPDQMKGSEDLKKHGATVLTQLGKILKQKGNHESELKPLAQTHATKHKIPVKYLEFISEVIIKVIAEKHASDFGADSQAAMKKALELFRNDMASKYKEFGFQG
333,A0A8C3BNZ3,MGLSDQEWQQVLTIWGKVEADLAGHGHAVLMRLFQDHPETLDRFEKFKGLKTPDQMKGSEDLKKHGVTVLTQLGKILKQKGNHEAELKPLAQTHATKHKIPVKYLEFISEVIIKVIAEKHSADFGADSQAAMKKALELFRNDMASKYKEFGFQG
334,A0A8C3GXU9,MSLSEAEVQSARGAWEKIYVDAEDNGTTVLVRMFTEHPDTKSYFTHFKGMDSAEEMTQSDQVRGHGKKVFSAINNMVQHLDNSEAFLGIVTPLGKKHATQLKIDPKNFRIICDIILQLMEEKFGGDCKASFEKVTNEICTHLNNIYKEEGW
335,A0A8C3IE07,MAFSEAEVQRARGAWEKMYANAEDNGTTVLVRMFTEHPDTKSYFTHFKGMGTAEEMEQSDQVRSHGKRVLTTINDLVQHLDSTDAFLGIVNPLGKKHAMQLKVDPKNFRIICDIILQLMEEKYGGDCKASFEKVTNEICTRLNNAYKEAGW
336,A0A8C3K294,MGLSDQEWQQVLTIWGKVEADLAGHGHEVLMRLFQDHPETLDRFEKFKGLKTPDQMKGSEDLKKHGVTVLTQLGKILKQKGNHESELKPLAQTHATKHKIPVKYLEFISEVIIKVIAEKHAADFGADSQAAMKKALELFRNDMASKYKEFGFQG
337,A0A8C3LQL1,MGLSDQEWQQVLTIWGKVEADIAGHGHEVLMRLFRDHPETLDRFDKFKGLKTPDQMKGSEDLKKHGATVLTQLGKILKQKGNHESELKPLAQTHATKHKIPVKYLEFISEVIIKVIAEKHAADFGADSQAAMKKALELFRNDMASKYKEFGFQG
338,A0A8C3MEE7,MKGSEDLKKHGVTVLTQLGKILKAKGNHEAELKPLAQTHATKHKIPVKYLEFISEVIIKVLPKHAADFGADAQAAMKKALELFRNDMASKYKEFGFQG
339,A0A8C3NUG2,MGLSDQEWQQVLTIWGKVESDLAGHGHEILMRLFQDHPETLDRFEKFKGLKTPDAMKGSEDLKKHGVTVLTQLGKILKAKGNHEAELKPLAQTHATKHKIPVKYLEFISEIIIKVIAEKHAADFGADSQAAMKKALELFRNDMASKYKEFGFQG
340,A0A8C3SFL2,MAFSEAEVQRARGAWEKMYANAEDNGTTVLVRMFTEHPDTKSYFTHFKGMGTAEEMEQSDQVRSHGKRVLTTINDLVQHLDSTDAFLGIVNPLGKKHAMQLKVDPKNFRIICDIILQLMEEKYGGDCKASFEKVTNEICTRLNNAYKEAGW
341,A0A8C3Y2R6,MKGSEDLKKHGVTVLTQLGKILKAKGNHEAELKPLAQTHATKHKIPVKYLEFISEVIIKVLPKHAADFGADAQAAMKKALELFRNDMASKYKEFGFQG
342,A0A8C3YSS6,MGLSDGEWQLVLNVWGKVEADVAGHGQEVLIRLFKGHPETLEKFDKFKHLKSEDEMKASEDLKKHGNTVLTALGGILKKKGHHEAELKPLAQSHATKHKIPVKYLEFISEAIIQVLQSKHPGDFGADAQGAMHKALELFRNDMAAKYKELGFQG
343,A0A8C4BPT0,MIDGWEVTLETREGIKSVLWGLKQFKSTFLDLLGPLSKRLLPASSPSEIMADFDMVLNCWGKVEADYTGTGGEVLTRLFKEHPETLKLFPKFAGIAQGDLAGNAAVCDHGATVLKKLGELLKAKGKHADILKPLATRHANTHKIGLNNFKLISEVIVKVMAEKAGLDGAGQDALRRVLGIVINDIDIYYKELGFAG
344,A0A8C4ER11,MADYDMVLKFWGPVEADYNANGGLVLTRLFTEHPETQKLFPKFEGIGQGDLAGNAAISAHGATVLKKLGELLRAKGNHAAILKPMANSHATKHKIPINNFKLITEVIVKVMAEKAGLDAGGQQALRNVMAVVIADIDATYKELGYTG
345,A0A8C4JQ29,MGLSDQEWQHVLTIWGKVESDLAGHGHEILMRLFHDHPETLDRFERFKGLTTPDQMKASEDLKKHGVTVLTQLGKILKLKGKHEAELKPLAQTHATKHKIPVKYLEFISEVIIKVIAEKHSADFGADSQAAMKKALELFRNDMASKYKEFGFQG
346,A0A8C4MTL7,MGLSDGEWQQVLNVWGKVEADIAGHGQEVLIRLFTGHPETLEKFDKFKHLKTEAEMKASEDLKKHGTVVLTALGGILKKKGHHEAELKPLAQSHATKHKIPIKYLEFISDAIIHVLHSKHPGDFGADAQGAMTKALELFRNDIAAKYKELGFQG
347,A0A8C4RP57,MVFQKVIGFWAPVKANPKYYGEIILQCLFETHPDVQNLFLKCAGLSKEQLQNNPDLQAHGEIVVCKLTKFVQHQQADKSLVKGLAESHAKQHKIPWANIRIISEVIVMVAVEKIDGFDTDAQTALKNVLKEFQTDMGPCYDELGFDQ
348,A0A8C4RVZ4,ICDTMSILSLQLGMSLDYTSAGGVYINASKNAALSCTFFFSACHPLHAGPFRVAFRSILTSRPMGEIALCKLTEFLQEKGKNMKTVKTLSETHAKQHKIPRVNFEIISDVIVKVVAEKIEGFGTDAQTALKNVLKTFQTNMGACCDEPGFDK
349,A0A8C4S6Z6,MSACEADCKTVCSFWAPVEADPRCYGEIVLQRLFETHPDVQKLFPKFVDLSKEQLQNNPGVQAHGEIVVCKLTEILKSNGKCKEIIKALAESHAKQHKIPLVNFKIISDVIVTVATEKLDGFGPDAQTALKNVLKTFQIELEVFYDELGFKP
350,A0A8C4S8G8,MSACEADYKTVFSFWTPVEADPRCYGEIILLRLFETHPDVQKLFPKFVDLSKEQLQNNPGVQAHGEIVVCKLTEILKSNGKCKEIIKALAESHAKQHKIPLVNFKIISDVIVTVATEKLDGFGPDAQTALKNVLKTFQIELEVFYDELGFKP
351,A0A8C4S9B1,MSACEADCKTVCSFWAPVEANPKCYGEIILLRLFETHPDVQKLFPKFVDLSKEQLQNNPGVQAHGEIVVCKLTEILKSNGKCKEIIKALAESHAKQHKIPLVNFKIISDVIVTVATEKLDGFGPDAQTALKNVLKTFQIELEVFYDELGFKP
352,A0A8C4S9H1,MSACEADCKTVCSFWAPVEANPRCYGEIVLQRLFETHPDVQKLFPKFVDLSKEQLQNNPGVQAHGEIVVCKLTEILKSNGKCKEIIKALAESHAKQHKIPLVNFKIISDVIVTVATEKLDGFGPDAQTALKNVLKTFQIELEVFYDELGFKP
353,A0A8C4S9S2,MSACEADCKTVCSFWAPVEADPKCYGEIVLQRLFETRPDVQKLFPKFVDLSKEQLQNNPGVQAHGEIVVRKLTEILKANGKRKEIIKDLAESHAKQHKIPLVNFQIISEVIVTVATEKLDGFGPDAQTALKNVLKQFQIDLGACYDELGFKP
354,A0A8C4SJJ6,MCACVEDYKKVLSFWEPVKANPKYYGEIIFQRLFETHPDVQKLFPKFAGLSKEQLQNNPDFQAHGETVVCKLTEFVQHQKADESFVKGLAKRRPAWHDKVNFRIISEIIVVVAAEKIDGFGTDAQTALKNVLKAFQTGMGA
355,A0A8C4SKT9,MSACVTDCVTVFSFWAPVDADPRCYGEIILLCLFDTHPDVQKLFPKFAGLPKEQLQNNPNLQAYGEIVVCKLTEILKVKGEHKEPMKALAESHAKQHKIPLVNFQIISEVIDTVVAEKLDGFGPDAQTCLKNVLKQFQIDFGSLL
356,A0A8C4SKZ8,MCACVEDYKKVLNFWDPVKANPKYYGEIIFQRLFETHPDVQKLFPKFAGLSKEQLQNNPDFQAHGETVVCKLTEFVQHQKADESFVKGQAKRRWHDKVNFRIISEIIVVVAAEKIDGFGTDAQTALKNVLKAFQTGMGA
357,A0A8C4SM33,MCACVEDYKKVLSFWEPVKANPKYYGEIIFQRLFETHPDVQKLFPKFAGLSKEQLQNNPDFQAHGETVVCKLTEFVQHQKADESFVKGLAKRRPAWHDKVNFRIISEIIVVVAAEEIDGFGTDAQTALKNVLKAFQTGMGA
358,A0A8C4SMX1,MCACVEDYKKVLSFWEPVKANPKYYGEIIFQRLFETHPDVQKLFPKFAGLSKEQLQNNPDFQAHGETVVCKLTEFVQHQKADESFVKGQAKRRWHDKVNFRIISEIIVVVAAEKIDGFGTDAQTALKNVLKAFQTGMGA
359,A0A8C4SWQ8,LAVWYVLVLLDCVTVFSFWAPVDADPRCYGEIILLCLFDTHPDVQKLFPKFAGLPKEQLQNNPNLQAYGEIVVCKLTEILKVKGEHKEPMKALAESHAKQHKIPLCLKYLLEFLIFLREHFCAQFFSTFKNTPLTFFVVFLSFQLHS
360,A0A8C4T6U4,MCACVDDCKKVLSCWGPVKANPKQYGEIILQRLFETHPGVQKLFPKFADLSKEQLQSNPDLQAHGEIVVCKLTEYMQKPEDQSLVQELGKSHAEQHKIPRANFQIISEVIVMVAAEKIDGFGTDAQTALKNVLKEFQTAMGACYDKLGFDP
361,A0A8C4T762,MCACVDDCKKVLSCWGPVKANPKQYGEIILQRLFETHPGVQKLFPKFADLSKDQLQSNPDLQAHGEIVVCKLTEYMQKPEDQSLVQELGKSHAEQHKIPRANFQIISEVIVMVAAEKIDGFGTDAQTALKNVLKEFQTAMGACYDKLGFDP
362,A0A8C4T942,MCASAAEFISVLSFWGPLKADPKSYGEVVLQRLFETKPDSQKLFPKFADLSKEQLQNNPDLQAHGGIVLCKLTEFLQDGGQDKKILKDLAESHAKLHKIPRIYFQIISDVICEVVAEKIEGFDTDAQTALKNVLKTFQTQMGEHYDELGFD
363,A0A8C4T9C0,MCACVEDYNKVLRFWAPLEADPKLYGEIILQRLFETKPDSQKLFPKFAALSKEQLQNNPDLQAHGGIVICKLTEFLHSKLQHQQLMKDLAESHAKQHKIPRVNFQIIGEVIVIVAAEKIDGFGPDAQTALKNVLKEFQTVMGACYNELGVDL
364,A0A8C4T9E9,MCASGEEYDAVLSFWDPLKADPKSYGEIVLQRLFETNPDVQKLFPKFAGLSKEQLQNNPDLQAHGGIVVCKLTEFLQKEKQRKQLMNDLAESHAKQHKIPRINFQIISEVIVLVAAEKIEGFGSDAQTAMKNVLKEFQTGMGACYDVLGFDP
365,A0A8C4T9G9,MCASAAEFISVLSFWGPLKADPKSYGEVVLQRLFETKPDSQKLFPKFAALPKEQLQNNPDLQAHGGIVLCKLTEFLQDGGQDKKILKDLAESHAKQHKIPRVYFQIISDVIFEVVVEKIEGFGTDAQTALKNVLKTFQTQMGEFYDELGFDDK
366,A0A8C4T9L5,MCASGEEYDAVLSFWDPLKADPKSYGEIVLQRLFETKPDSQKLFPKFTALSKEQLQNNPDLQAHGGIVVCKLTEFMQGGGRDKKTLKDLAESHAKQHKIPRIYFQIISDVIFEVVVEKIEGFGTDAQTALKNVLKTFQTQMGEFYDELGFDDK
367,A0A8C4TCX0,MAMSEGEWNVVLKAWAHVESDPAGIGQAVLLRLFADHKETLSSFPKFKNLSPAELQSSGDVRAHGLIVVNKLTEVFKKKGEHANSLKPLAESHSKKHKIPIQYFEMISDVIVKVMAEKIADFGADGQAAVRKALKVFTTDIGIFYES
368,A0A8C4TDI9,MCASAAEFISVLSFWGPLKADPKSYGEVVLQRLFETKPDSQKLFTKFADLPKEQLQNNPDLQAHGGIVLCKLTEFLQGGGRDKKTLKDLAESHAKQHKIPRVYFQIISDVIFEVVVEKIEGFGTDAQTALKNVLKTFQTQMGEFYDELGFDDK
369,A0A8C4TDJ8,MCASGEEYDAVLSFWDPLKADPKSYGEIVLQRLFETKPDSQKLFPKFAALSKEQLQNNPDLQAHGGIVICKLTEFLHSKLQHQQLMKDLAESHAKQHKIPRVNFQIIGEVIVIVAAEKIDGFGPDAQTALKNVLKEFQTVMGACYNELGVDL
370,A0A8C4TDP4,MCACVEDYNKVLRFWAPLEADPKLYGEIILQRLFETNPDVQKLFPKFAGLSKEQLQNNPDLQAHGGIVVCKLTEFLQKEKQRKQLMNDLAESHAKQHKIPRINFQIISEVIVLVAAEKIEGFGSDAQTAMKNVLKEFQTGMGACYDVLGFDP
371,A0A8C4TDS2,MAAADFDAVLASWGPVEADSPGYGEAVLVRLFTDHPESQKLFPKFKNLSQGELSGNAGIKAHGNVVLSKLTALIKQKGDHAALLKPLAESHALQHKIPRKNFEIISEVIVKVVAEKNSAFNADAQAALRRVLKVVVADLGCFYDEHGYKE
372,A0A8C4TDX5,MCASGEEYDAVLSFWDPLKADPKSYGEIVLQRLFETNPDVQKLFPKFAALSKEQLQDNPDLQAHGGIVVCKLTEFLKQKKEHKDLVGDLAESHAKQHKIPRINFQIICEVIVIVAAEKIDGFGTDAQTALKNVLKEFQTDMGACYDAFGYDQ
373,A0A8C4TGQ4,MCASGEEYDAVLSFWDPLKADPKSYGEIVLQRLFETNPDVQKLFPKFAALSKEQLQDNPDLQAHGGIVVCKLTEFLKQKKEHKDLVGDLAESHAKQHKIPRINFQIISEVIVLVAAEKIEGFGSDAQTAMKNVLKEFQTGMGACYDVLGFDP
374,A0A8C4U198,MGLSDQEWQQVLTIWGKVESDLAGHGHEILMRLFQDHPETLDRFEKFKGLKTPDQMKGSEDLKKHGVTVLTQLGKILKQKGNHESELKPLAQTHATKHKIPVKYLEFISEVIIKVIAEKHSDFGADSQAAMKKALELFRNDMASKYKEFGFQG
375,A0A8C4X8E6,MSACEADCKTVCSFWAPVEADPKCYGEIVLQRLFETRPDVQKLFPKFVDLSKEQLQNNPGVQAHGEIVVRKLTEILKANGKRKEIIKDLAESHAKQHKIPLVNFQIISEVIVMVAAEKLEGFGPDAQTALKNVLKQFQIDLGACYDELGFKP
376,A0A8C4X8T7,MSACEADCKTVCSFWAPVEADPKCYGEIVLQRLFETHPDVQKLFPKFVDLSKEQLQNNPGVQAHGEIVVCKLTEILKSNGKCKEIIKALAESHAKQHKIPLVNFKIISDVIVTVATEKLDGFGPDAQTALKNVLKTFQIELEVFYDELGFKP
377,A0A8C4XGA1,MAMSEGEWNLVLKGWAKVESDPAGVGQAVLLRFFKDHPEGKSHFPKFEHLSLAELQTYAGVRTHGEAVVNLLTKMFSTRGKHASLLKPMAEEHCKTLKIPVKYFEMICEVIVKVMTESYPDFGPDGQAATRKALKIVCKDIAGYYESCESTR
378,A0A8C4YLV3,MGLSDDEWNRVLGIWAKVEPELPVHGQEVMIRLFQVHPETQERFAKFKNLKTIDELKSSEELKKHGTTVLTALGRILKLKNNHEPELKPLAESHATKHKIPVKFLEFICEIIVKVIAEKHPSDFGADSQAAMRKALELFRNDMASKYKEFGFQG
379,A0A8C5IXT7,MGLSDQEWQQVLTVWGKVESDLAGHGHQILMRLFQDHPETLDRFEKFKGLKTPDAMKGSEDLKKHGVTVLTQLGKILKAKGNHEAELKPLAQTHATKHKIPVKYLEFISEVIIKVLAEKHAADFGADAQAAMKKALELFRNDMASKYKEFGFQG
380,A0A8C5P0K4,MGLSDGEWQLVLNIWGKVEADIPGHGHEVLIGLFKNHPETLEKFDKFKNLKSEDEMKGSEDLKKHGATVLTALGGILKKKGQHAAEIQPLAQTHATKHKIPVKYLEFISEVIIQVLQSKYPGDFGADAQGAMRKALELFRNDIAAKYKELGFQG
381,A0A8C5SQ51,MGLTKQEWQKVMDIWDKVEPDLSLHGQEVIIRMFQNHPETQERFVKFKNFKTLEEMKNSEELKKHGTTVLSALGKILKQKGSHEAELAPLAQTHANKHKIPVKYLEFISEVIIGVIAEKHSADFGADCQEAMRKALELFRNGMASKYKELGFQG
382,A0A8C5U3U6,MKGSEDLKKHGVTVLTQLGKILKAKGNHEAELKPLAQTHATKHKIPVKYLEFISEVIIKVLLKHTADFGADSQAAMKKALELFRNDMASKYKEFGFQG
383,A0A8C5V5K1,MGLSDGEWQLVLNVWGKVEADVSGHGQEVLIRLFTGHPETLEKFDKFKHLKTADEMKASEDLKKHGTTVLTALGAILKKKGQHEAELKPLAQSHATKHKIPVKYLEFISDAIIHVLQSKHPADFGADAQGAMKKALELFRNDIAAKYKELGFQG
384,A0A8C5ZRM2,MGLSDTEWQLVLNIWGKVETDLAGHGQQVLISLFKGHPETLDKFDKFKHLKSEDEMKASEDLKKHGTTVLTALGGILKKKGQHEAEIKPLAQSHATKHKIPVKYLEFISEVIIEVLKSKHSGDFNDAAQAAMRKALELFRNDMAAKYKELGFQG
385,A0A8C6E0P9,MSCQVIPVKHLGRYKIPLGPGSLKPQLSETGHPVSPPLFFFSSSDCAMGLSDGEWQLVLNAWGKVEADVAGHGQEVLIRLFTGHPETLEKFDKFKHLKTEAEMKASEDLKKHGNTVLTALGGILKKKGHHEAEVKHLAESHANKHKIPVKYLEFISDAIIHVLHAKHPSDFGADAQGAMSKALELFRNDMAAQYKVLGFQG
386,A0A8C6I229,MGLSDGEWQLVLNVWGKVEADLAGHGQEVLIGLFKTHPETLDKFDKFKNLKSEEDMKGSEDLKKHGCTVLTALGTILKKKGQHAAEIQPLAQSHATKHKIPVKYLEFISEIIIEVLKKRHSGDFGADAQGAMSKALELFRNDIAAKYKELGFQG
387,A0A8C6IRG9,MCPFGHVQRLFKDHPETLDRFEKFKGLKTPDQMKGSEDLKKHGATVLTQLGKILKQKGNHEAELKPLAQTHATKHKIPVKYLEFISEVIIKVLAEKHAADFGADSQAAMKKALELFRNDMAAKYKEFGFQG
388,A0A8C6NF02,MSFSEAEVQSARGAWEKIYVDAEDNGTAVLVRMFTEHPDTKSYFSHFKGMDSAEEMKQSDQIRGHGKRVFTAINDMVQHLDNSEAFLGIVNPLGKKHATQLKIDPKNFRVICDIILQLMEEKFGGDCKASFEKVTNEICTHLNNAYKEAGW
389,A0A8C6QGW5,MGLSDGEWQLVLKVWGKVESDLAGHGQEVLIKLFKNHPETLEKFDKFKNLKSEDEMKGSEDLKKHGNTVLTALGGILKKKGQHAAEIQPLAQSHATKHKIPIKYLEFISEAIIQVLQSKHPGDFGADAQGAMSKALELFRNDIAAKYKELGFQG
390,A0A8C6SBX3,MADYDAVLNCWGPVEADYRSMGGLVLTRLFTEHPETQKLFPKFVDIPQAELSSNAAVAAHGETVLKKLGELLKAKGNHAAVLKPLATTHANKHKIALHNFKLITEVIVKLMGEKAGLDAAGQQALRNVMAVVIADIDANYKELGFAG
391,A0A8C6VTM6,MQSRARVALHTHRGQTRSCLQLPLVMSCPRMKWLLACSHRIKQKKCNATQDSTTISHQVLSPWIMADYDMILKHWGPVEADYNAHGNLVLTRLFNEHPETQKLFPKFVGIPLGELAGNAAVSAHGATVLKKLGELLKAKGNHAAILKPLANTHATKHKIPINNFRLISEVIGKVMAEKAGLDAAGQQALRNVMAVVISDIEASYKELGFTG
392,A0A8C6XDP9,MGLTEQEWQKVMDIWDKVEPDISSHGQEVIIRMFQNHPETQERFVKFKNFKTLEEMKNSEELKKHGTTVLSALGKILKQKGSHEAELAPLAQTHANKHKIPVKYLEFISEVIIGVIAEKHSADFGADCQEAMRKALELFRNGMASKYKELGFQG
393,A0A8C6YKR4,MGLSDQEWQQVLTIWGKVEADIAGHGHEVLMRLFHDHPETLDRFEKFKGLTTPDQMKASEDLKKHGATVLTQLGKILKQKGNHEAELKPLAQTHATKHKIPVKYLEFISEVIIKVIAEKHSADFGADSQAAMKKALELFRNDMASKYKEFGFQG
394,A0A8C7CX13,MLSVYCSGSQNSPYKSLFLSRLTSSLFAEHPDTLKLFPKFAGIAAGDLSGNTAVAAHGATVLKQLCELLKAKGDHAAIKLLATTHATKHKIALNNFTLITEIICKVMGEEAGLDGAGQEALRQVMGVIIADIDVTYKELGFAG
395,A0A8C8AVZ8,MGLSDQEWQHVLTIWGKVESDLPGHGHAVLIRLFQDHPETLERFEKFKGLKTPDQMKGSEDLKKHGVTVLTQLGKILKQKGNHESELKPLAQTHATKHKIPVKYLEFISEVIIKVIAEKHSADFGADTQAAMKKALELFRNDMASKYKEFGFQG
396,A0A8C8BYE3,MANFDMVLKCWGPVEADYNKHGGLVLSRLFAEHPDTLTLFPKFAGIAAGDLSGNAAVAAHGATVLKKLGELLKTKGDHAAIKLLHLRRGSEFRSPPQTRLCPLAWALWRLPSAFLSGSACLECPWLVKPH
397,A0A8C8E1T8,MADYDMVLKHWGPVEADYNTHGNLVLTRLFHEYPETQKLFPKFAGIAKGDMAGNAALSAHGATVLKKLGELLKARGNHGAILKPLANSHATKHKIPINNFRLITEVIGKVMAEKAGLDAAGQQALRSVMSGIIAEIEADYKELGFAG
398,A0A8C8SDM0,MGLSEQEWGQVLSIWTKVEPDLSAHGQEVIIRLFQLHPETQERFDKFKHLKTIDEMKGSEELKKHGTTVLTALGKILKQKGNHEQELKPLAESHATKHKIIVKHLEFICEIIVKVIADKHPSDFGAESQAAMRKALELFRNDMAKKYKEFGFQG
399,A0A8C9A9W3,MGLSDGEWQLVLNVWGKVEADVGGHGQEVLIRLFTGHPETLEKFDKFKHLKTADEMKASEDLKKHGTTVLTALGGILKKKGQHEAEIKPLAQSHATKHKIPIKYLEFISDAIIHVLQSKHPGDFGADAQGAMKKALELFRNDIAAKYKELGFQG
400,A0A8C9BE48,MGLSEGEWQLVLNVWGKVEADLAGHGQDVLIRLFKGHPETLEKFDKFKHLKTEAEMKASEDLKKHGNTVLTALGGILKKKGHHDAELKPLAQSHATKHKIPIKYLEFISEAIIHVLHSRHPAEFGADAQGAMNKALELFRKDIATKYKELGFHG
401,A0A8C9CZ12,MGLSDGEWQLVLNVWGKVETDLAGHGQEVLISLFKGHPETLEKFEKFKHLKTEDEMKGSEDLKKHGNTVLTALGGILKKKGQHEAELKPLAQSHATKHKIPVKYLEFISEAIIHVLQSKHPHDFGTDAQAAMRKALELFRNDIAAKYKELGFQG
402,A0A8C9FE19,MGLSDQEWQQVLTIWGKVEADIAGHGHEVLMRLFHDHPETLDRFDKFKGLKTPDQMKASEDLKKHGATVLTQLGKILKQKGNHESELKPLAQTHATKHKIPVKYLEFISEVIIKVIAEKHAADFGADSQAAMKKALELFRNDMASKYKEFGFQG
403,A0A8C9FQF3,MALVNAGVGWEGLSESLGSAVADRVRGWGKYRLDPQLFHDHPETLDRFDKFKGLKTPDQMKASEDLKKHGATVLTQLGKILKQKGNHESELKPLAQTHATKHKIPVKYLEFISEVIIKVIAEKHAADFGADSQAAMKKALELFRNDMASKYKEFGFQG
404,A0A8C9HAJ6,MGLSDGEWQLVLNVWGKVEADIPSHGQEVLIRLFKGHPETLEKFDKFKHLKSEDEMKASEDLKKHGATVLTALGGILKKKGHHEAEIKPLAQSHATKHKIPVKYLELISECIIQVLQSKHPGDFGADAQGAMNKALELFRNDMAAKYKELGFQG
405,A0A8C9JZF0,MGLSDGEWQLVLNVWGKVETDLAGHGQEVLISLFKGHPETLEKFEKFKHLKTEDEMKGSEDLKKHGHTVLTALGGILKKKGQHEAELKPLAQSHATKHKIPVKYLEFISEAIIRVLQSKHPHDFGTDAQAAMRKALELFRNDIAAKYKELGFQG
406,A0A8C9MKI6,MGLSDQEWQQVLTVWGKVESDLAGHGHQVLMRLFQDHPETLEKFEKFKGLKTPDAMKGSEDLKKHGVTVLTQLGKILKAKGNHEAELKPLAQTHATKHKIPVKYLEFISEVIIKVLAEKHAADFGADAQAAMKKALELFRNDMASKYKEFGFQG
407,A0A8C9QMI5,MGLSDAEWQLVLSLWGKVETDLAGHGQQVLISLFKGHPETLDKFDKFKHLKSEDEMKASEDLKKHGTTVLTALGGILKKKGQHEAEIKPLAQPHATKHKIPVKYLEFISEAIIEVLKSKHSGDFNEAAQGAMRKALELFRNDIAAKYKELGFQG
408,A0A8C9RLM9,MSDYDKILKNWDAVEADPNGIGGEVLYGLFKEYPDTLKYFPKFAGIPPGDLATNPAVAQHGEIVLRKLTEILKARGNHAAILKPFANSHAKTHKIPTSNFKLITDVIVKITGDKGILDAAGQNAFRNVMSSMIAELDALYKDANFQG
409,A0A8C9RP75,MADFDKVLKCWAVVEADPDAIGGEVLNCLFMEYPDTQKQFPKFAAIPPAELAGNAAVRKHGGVVVRKLGELLKAKGDHTLILKPLATTHANIHKISLNNFKMFKEALVKVFAAKGLLDADGQAALRNVMDVIIADIDGFYKELGFQG
410,A0A8C9RRS6,MADFNQVLKCWDAVQVDYNGMGRAVLLRLFHDYTETQRLLHKFLTAQQNELVTNPAVAAHGALVLKKLVMVTCDGTLTPMNCVVLPLTSLCLHFPSQPLSDATVKVMGEKVGLEADDQASMRKVMDVTVTEIDGYYKNDPYWSQGKVKT
411,A0A8C9RS58,CCGTAKTKPTLGVGRNHTSSLGTAFIWLLRLFKEYPDTLKYFPKFAGIPPGDLATNPAVAQHGEIVLRKLTEILKARGNHAAILKPFANSHAKTHKIPTSNFKLITDVIVKITGDKGILDAAGQNAFRNVMSSMIAELDALYKDANFQG
412,A0A8C9RSN8,MSDFDLVLKFWDAIEADYTAIGGEVLTRLFKDHPDTQKLFPKCANIPPSEVAGNVTVAAHGAIVLRKLGELLKARGDHASILKPLATTHANIHKISLNNFTLLTEVIVKVFAEKAGLGADGQVALRNLMGVVVADIGGFYKELGFQA
413,A0A8D0CCL4,MGLSDQEWQKVVDIWGKVEPDLPGHGQEVIIRLFQNHPETQERFDKFKNLKTLDEMKGSEELKKHGTTVLTALGKILKQKGNHEAELAPLAQSHANKHKIPVKYLEFISEVIVGVIAEKHAADFGADSQAAMRKALELFRNDMASKYKEFGFQG
414,A0A8D0D2M7,MADFDMVLKYWGPVEADYTGNGGLVLTRLFREHPDTQKLFPKFAGIAQSDLAGNAAVSAHGATVLKKLGELLRAKGNHAAILKPLANSHATKHKIPINNFKLITEAVVKVMEEKAGLDAAGQQALRNVMAVVIADIDTDYKELGFTG
415,A0A8D0EYX6,MSSTEAEVQSARGVWDKVYVDAEDNGTAVLIRMFTDHPDTKTYFTHFKGMDSTKEMKQSDQVGGHSKMVFTAINNMTHATQLKTDPKNFRVSQQPSSQGLMEEKFGRDCKASFEKVANEICTHLNNVYKEVS
416,A0A8D0F1R8,MKGSEDLKKHGVTVLTQLGKILKQKGHHESELKPLAQTHATKHKIPVKYLEFISEVIIKVLLKHSADFGADTQAAMKKALELFRNDMASKYKEFGFQG
417,A0A8D0H6S8,MGLSEQEWQHVLNIWAKVEQDIPAHGQQYLRRGFHQISPLLFDKFKQLKTVDEMRSSEELKNHGTTVLTALGNILKQKGQHEAQLKPLAQTHATKHKIPVKYLEFISEVIVKTIASRHSADFGDDSQAAMRKALELFRNDMASMYKEFGFQG
418,A0A8D0W0T2,MYCAMGLSDGEWQLVLNVWGKVEADVAGHGQEVLIRLFKGHPETLEKFDKFKHLKSEDEMKASEDLKKHGNTVLTALGGILKKKGHHEAELTPLAQSHATKHKIPVKYLEFISEAIIQVLQSKHPGDFGADAQGAMSKALELFRNDMAAKYKELGFQG
419,A0A8D2D8T3,MGLSDGEWQLVLNIWGKVEADLAGHGQEVLIRLFKDHPETLEKFDKFKNLKSEEEMKASEELKKHGSTVLGALGGILKKKGQHEAEIKPLAQSHATKHKIPVKYLEFISEAIIQVLKGKHSGDFGSDAQGAMSKALELFRNDIAAKYKELGFQG
420,A0A8D2FCU7,MGLSDGEWQLVLNVWGKVEADIPSHGQEVLIRLFKGHPETLEKFDKFKHLKSEDEMKASEDLKKHGATVLTALGGILKKKGHHEAEIKPLAQSHATKHKIPVKYLELISESIIQVLQSKHPGDFGADAQGAMNKALELFRNDMAAKYKELGFQG
421,A0A8D2GHF2,MGLSDAEWQLVLNIWGKVETDLAGHGQQVLISLFKGHPETLEKFDKFKHLKSEDEMKASEDLKKHGTTVLTALGGILKKKGQHEAEIKPLAQSHATKHKIPIKYLEFISEAIIEVLKSKHSGDFNDAAQGAMRKALELFRNDIAAKYKELGFQG
422,A0A8D2J8W7,MGLSDEEWKKVVDIWGKVEPDLPSHGQEVIIRMFQNHPETQDRFAKFKNLKTLDEMKNSEDLKKHGTTVLTALGRILKQKGHHEAEIAPLAQTHANTHKIPIKYLEFICEVIVGVIAEKHSADFGADSQEAMRKALELFRNDMASRYKELGFQG
423,A0A8D2MGS1,MGLSDQEWQQVLTVWGKVESDLAGHGHQILMRLFQDHPETLDRFEKFKGLKTPDAMKGSEDLKKHGVTVLTQLGKILKAKGNHEAELKPLAQTHATKHKIPVKYLEFISEVIIKVLAEKHAADFGADAQAAMKKALELFRNDMASKYKEFGFQG
424,A0A8D2P4P9,MGLSDQEWQQVLTIWGKVESDIAGHGHEILMRLFKDHPETLDRFEKFKGLKTPDAMKGSEDLKKHGATVLTQLGKILKAKGNHEAELKPLAQTHATKHKIPVKYLEFISEVIIKVIAEKHAADFGADSQAAMKKALELFRNDMASKYKEFGFQG
425,A0A8I3NE77,MGLSDGEWQLVLNIWGKVETDLAGHGQEVLIRLFKNHPETLDKFDKFKHLKTEDEMKGSEDLKKHGNTVLTALGGILKKKGHHEAELKPLAQSHATKHKIPVKYLEVGGRAGAGRAGKRKEEPRKGCDLGLSSSWAADAWVTAVLPLCTPCSLICKGELLPALSSSGGHRD
426,A0A8I5N383,MGLSDGEWQLVLNVWGKVEADIPSHGQEVLIRLFKGHPETLEKFDKFKHLKSEDEMKASEDLKKHGATVLTALGGILKKKGHHEAEIKPLAQSHATKHKIPVKYLEVGGRAWAGGRMWGRPRDNGIWVQDNGIWVRVPVQPLTCGVSYATPLCAPGFSFVKGTATHFAFLLGSLRMNTFSIFNLACQIHILLPKRKGRGDIGCKIGLLSMGRYHYHIHSIDGETEAHRG
427,A0A8I6AHY4,MALILMEEEQAFVLHVLCQTPDGLPRLILSTSHKVMSPPSTRDPEAQREVWCADPGCTAGRRRSCSLVASIPLTPSLLSCSLFKAHPETLEKFDKFKNLKSEEEMKSSEDLKKHGCTVLTALGTILKKKGQHAAEIQPLAQSHATKHKIPVKYLEFISEVIIQVLKKRYSGDFGADAQGAMSKALELFRNDIAAKYKELGFQG
428,A0A8J4UYW7,MSDCELILANWGKVESNLTGYGGDVLTRLFTEHPDTQKLFPKFVGIPCGELAGNTAVADHGATVLTKLGEILKAKGSSDVIKPLATTHANKHKIALNNFK
429,A0A8J4WYW8,MDLPCKVMESICAGSSFVYGTTEVVLKLMKIGDDGLGVVHETLPQVVAISSSDLAGNEAIADHGKTVLMKLGEILKAKGSSGVIKPLATTHANKHKIALNNFK
430,A0A8J4X8C0,MSDCKLILASWGKVESNLDGYGGEVLTRLFTEHPDTQKLFPMFAAIPHGELAGNAAIADHGKTVLTQLGEILKANGSSAVIKPLATTHANKHKIALNNFK
431,A0A8J6DGN5,MGLSDGEWQLVMNIWGKVEADIPGHGRDILIRLFKDHPETLDKFAKFKNLKSEDEMKGSEDLKKHGATVLTALGGILKKKGQHAAELQPLAQSHANKHKIPVKYLEFISDAIVQVLQSKHSDFGADAQGAMKKALELFRNDMAAKYKELGFQG
432,A0A8J6GRA6,MVQPFTTIPFPPPPQNGIPTEYGVPHTQDYAGQTSEHNLTLYGSTQAHGEQSSNSPSNQNGSLTQTEGGAQTDGQQSQTQSSENSESKSTPKRLHVSNIPFRFRDPDLRQMFGQFGKILDVEIIFNERGSKGFGFVTFENSADADRAREKLHGTVVEGRKIEVNNATARVMTNKKMVTPYANGWKLSPVVGAVYGPELYAASSFQADVSLGNEAAVPLSGRGGINTYIPLIIPGFPYPTAATTAAAFRGAHLRGRGRTVYGAVRAVPPTAIPAYPGLFKAHPETLDKFEKFKNLKSEDDMKGSEDLKKHGCTVLTALGGILKKKGQHAAEIQPLAQSHATKHKIPVKYLEFISEVIIDVLKNKHSDFGADAQGALGKALELFRNDIAAKYKELGFQG
433,A0A8J8Y6Y7,MGLSDGEWQLVLNVWGKVEADIPSHGQEVLIRLFKGHPETLEKFDKFKHLKSEDEMKASEDLKKHGVTVLTALGGILKKKGHHEAEIKPLAQSHATKHKIPVKYLELISESIIQVLQSKHPGDFGADAQGAMNKALELFRNDMAAKYKELGFQG
434,A0A8K1GP19,MGLSDQEWQQVLTIWGKVESDIAGHGHEILMRLFKDHPETLDRFEKFKGLKTPDAMKGSEDLKKHGATVLTQLGKILKAKGNHEAELKPLAQTHATKHKIPVKYLEFISEVIIKVIAEKHAADFGADSQAAMKKALELFRNDMASKYKEFGFQG
435,A0A8K9V443,MADFDMVLKCWGPVEADYNKHGGLVLSRLFAEHPDTLKLFPKFAGIAAGDLSGNAAVAAHGATVLKKLGELLKAKGDHAAIKLLATTHATKNFRLITEIICNVMGEEAGLDGAGQEALRQVMGVIIAEIDVTYKELGFTG
436,A0A8S3YFK5,MAEGASINSGGGGDTRGSHQPPTPDPRLPLTAMQIFKLKKNWKGVKRRLDDTGVEMLIRLFRLEPSTQAQFRDIRHLDTEEQLRTSEELEKHGGAMMASLDEIVNNIENVDEALEKMSQVAQQHRQIQGFTAEQFLLMEQPFLDAIRIILEDRFTDNMDTIYRILIKFILDHLVKAAS
437,A0A8S4B6Z0,MADYELVLKHWGPVEADYSAHGNLVLTRLFTEHPDTQKLFPKFGGIALGDMPGNAAISAHGATVLKKLGELLKAKGNHASILKPLSTSHATKHKIPLNNFKLITEVIANVMAEKAGLDAAGQQALRNVMTTVIADIDVTYKELNFSG
438,A0A8T0ABC7,MANFDAILACWGKVEADYTSYGGEVLTRLFIQHPETQKLFPKFVGIAPGDLPGNAAVAAHGATVLKKLGELIKAKGQHAAILKPLATSHANIHKIPLNNFKLISEIVIKVLAEKAGLDGTGQDALRKVFVIVIGDIDSSYKELGFAG
439,A0A8T1SC96,MGLSDAEWNHVLGIWAKVEPDLSAHGQEVIVRLFQVHPETQERFAKFKNLKTLDELKSSEEVKKHGTTVLTALGRILKQKNNHEPELKPLAESHATKHKIPVKYLEFICDIIVKVIAEKHPSDFGADSQAAMKKALELFRNDMASKYKEFGFQG
440,A0A8U0Q158,MANFDMVLTCWGPVEADYNKHGGLVLSRLFAEHPDTLQLFPKFAGIAAGDLSGNADVAAHGATVLKKLGELLKAKGDHAAILKPLATTHATKHRIALKNFVLITEIICKVMGEKAGLDGAGQEALKQVMGVIIADIDVTYKELGFAG
441,A0A8U0SD72,MGLSDGEWQLVLNVWGKVEADLAGHGQAVLISLFKSHPETLEKFDKFKHLKSEDEMKGSEDLKKHGNTVLTALGGILKKKGQHEAELKPLAQSHATKHKIPVKYLEFISDAIIQVLQSKHAGDFGAEAQAAMKKALELFRNDIAAKYKELGFQG
442,A0A8U0U0W0,MSSIMANFDMVLTCWGPVEADYNKHGGLVLSRLFAEHPDTLQLFPKFAGIAAGDLSGNADVAAHGATVLKKLGELLKAKGDHAAILKPLATTHATKHRIALKNFVLITEIICKVMGEKAGLDGAGQEALKQVMGVIIADIDVTYKELGFAG
443,A6MHQ6,MGLSDQEWQKVIDIWGKVEPELPAHGQEVIIRLFQKHPETQEKFDKFKHLKSLDEMKSSEEIKKHGTTVLTALGKILKQKGHHDAELAPLAQSHATKHKIPVKYLEFICEVIVGVIAEKHSADFGSESQAAMRKALEVFRNDMASKYKEHGFQG
444,A6N8S4,MGLSDGEWQLVLNAWGKVEADVAGHGQEVLIRLFTGHPETLEKFDKFKHLKTEAEMKASEDLKKHGNTVLTALGGILKKKGHHEAEVKHLAESHANKHKIPVKYLEFISDAIIHVLHAKHPSDFGADAQGAMSKALELFRNDMAAQYKVLGFQG
445,A9JIH7,MGLSDGEWQLVLKVWGKVESDLAGHGQEVLIKLFKNHPETLEKFDKFKNLKSEDEMKGSEDLKKHGNTVLTALGGILKKKGQHAAEIQPLAQSHATKHKIPIKYLEFISEAIIQVLQSKHPGDFGADAQGAMSKALELFRNDIAAKYKELGFQG
446,B2RA67,MGLSDGEWQLVLNVWGKVEADIPGHGQEVLIRLFKGHPETLERFDKFKHLKSEDEMKASEDLKKHGATVLTALGGILKKKGHHEAEIKPLAQSHATKHKIPVKYLEFISECIIQVLQSKHPGDFGADAQRAMNKALELFRKDMASNYKELGFQG
447,B3CJI6,MADHELVLKCWGVVEADFEGTGGEVLTRLFKQHPETQKLFPKFVGIAQSDLAGNAAVNAHGATVLKKLGELLKARGDHAAILKPLATTHANKHKIALNNFRLITEVLVKVMAEKAGLDAAGQTALRKVMEAVIGDIDTYYKEFGFAG
448,B3CJI7,MADYERFLKCWGAVEADYTGNGGEVLTRLFKAHPDTQKLFPKFKGISQSELAGNALVAAHGATVLKKLGELLRAKGDHAAILHPMATTHANKHKITLNNFRLITEVLVEVMKEKAGLDSAGQGALKRIMDCIIHDIDRYYKEIGFAG
449,B4DUI1,MAVGAERLGEVLIRLFKGHPETLEKFDKFKHLKSEDEMKASEDLKKHGATVLTALGGILKKKGHHEAEIKPLAQSHATKHKIPVKYLEFISECIIQVLQSKHPGDFGADAQGAMNKALELFRKDMASNYKELGFQG
450,B5X603,MANYDMVLQCWGPVEADYNNHGGLVLSRLFAEHPETLTLFPKFAGIAAGDLSGNAAVAAHGATVLRKLGELLNARGHRDRTRTGNLHLKQSCY
451,B6VRV0,MADFDMVLKHWGPVEADYSAHGNLVLTRLFTEHPDTQKLFPKFVGIAKGEMAGNKDIAAHGATVLKKLGELLKAKGNHATILKPLANSHANKHKIGINNFKLITEVIIKVMEEKAGLDPAGQQAMRNVMAVVIADIEANYKELGFSG
452,B6VRV1,MADFDMVLKHWGPVEADYSAHGNLVLTRLFTEHPDTQKLFPKFAGITKGEMAGNTAISAHGATVLKKLGELLKAKGNHATILKPLANTHATKHKIAINNFKLITEVIIKVMEEKAGLDPAGQQAMRNVMAVVIADIEANYKELGFSG
453,B7XGC1,MADFDMVLKHWGPVEADYTTHGGLVLSRLFTEHPETKELFPKFAGIALGDVAGNAAVSAHGATVLKKLGELLKAKGNHATILKPLATSHANKHKIGINNFKLISEVIIKVMAEKAGLDSAGQQAMRNVMAVVVADLEANYKELGFAG
454,B9A9D4,MADFDAVLKHWGPVEADYTGYGSLVLTRLFTEHPETQKLFPKFVGIPQGELASSSAVADHGATVLKKLGELLKAKGNHAAILKPLANSHATKHKIPINNFKLISEVIVKVFAEKAGLDAAGQQGLRNVMSKVIADLEASYKELGFTG
455,B9A9M7,MADFDAVLKHWGPVEADYTGYGSLVLTRLFTEHPETQKLFPKFVGIPQGELASSSAVADHGATVLKKLGELLKAKGNHAAILKPLANSHATKHKIPINNFKLISEVIVKVFAEKAGLDAAGQQGLRNVMSKVIADLEASYKELGFTG
456,B9A9M8,MADFDAVLKHWGPVEADYTGYGSLVLTRLFTEHPETQKLFPKFVGIPQGELASSSAVADHGATVLKKLGELLKAKGNHAAILKPLANSHATKHKIPINNFKLISEVIVKVFAEKAGLDAAGQQGLRNVMSKVIADLEASYKELGFTG
457,B9A9M9,MADFDAVLKHWGPVEADYTGYGSLVLTRLFTEHPETQKLFPKFVGIPQGELASSSAVADHGATVLKKLGELLKAKGNHAAILKPLANSHATKHKIPINNFKLISEVIVKVFAEKAGLDAAGQQGLRNVMSKVIADLEASYKELGFTG
458,B9A9V0,MADFDLVLKCWGAVEKDYNGLGGEVLTRLFKETPATQDLFPKFKGIAPGDLAGNAAVAAHGATVLNKLGQLLKAKGNHGTILKPLATTHANQHKIPLNNFKLITEVLVKVMAEKAGLDAAGQDAFRRIMAIVINDIDAVYKEVGFAG
459,B9ENY2,MANYDMVLQCWEPVEADYNNHGGLVLSRLFAEHPETLTLFPKFAGIAAGDLSGNAAVAAHGATVLRKLGELLNARGDHAATLKSLATTHANKHKIPLKNFTLITNIICKVMGEKAGLDEAGQEALRQVMGVIIADINVTYMELGFAG
460,C0A1I8,METSLVLKCWGPVEADYNTHGGLVLNRLFAEHPDTQKLFPKFAAITDKGELASSAAVAAHGATVLKKLGELLRARGDHAALLKPLATSHANTHKIPINNFKLITEVIVKHMAEKAGLDGAGQEALRKVMAVVIADMDATYKDLGFSG
461,C6L8I7,MADFDVVLKHWGPVEADYTTNGGLVLTRLFTEHPDTLSLFPKFAGIAKGDLAGNAAVSAHGATVLKKLGELLKAKGNHASILKPLATTHANNHKIPINNFKLISEIIIKVMAEKAGLDAAGQQAMRNVLAVVVADLEANYKELGYQG
462,C6L8I8,MADFDMVLKHWGPVEADYSAHGNLVLTRLFTEHPDTQKLFPKFAGIAKGEMAGNKDIAAHGATVLKKLGELLKAKGNHATILKPLANSHANKHKIGINNFKLITEVIIKVMEEKAGLDPAGQQAMRNVMAVVIADIEANYKELGFSG
463,C6L8I9,MADHDLVLKCWGAVESDYKKHGGEVLTRLFTENPGTQDLFPKFAGIAKGDLAGNADVAAHGATVLNKLGDLLKAKGGHAALLKPLATTHAQKHKIPLKNFQLITEVIAKVMAEKAGLDAAGQDALRKIMGVIISDIDSTYKELGFAG
464,D0FZZ1,MADFDMVLKCWGPVEADYNKHGGLVLSRLFAEHPDTLKLFPKFAGIAAGDLSGNAAVAAHGATVLKKLGELLKAKGDHAAIKLLATTHATKHKIALNNFMLITEIICNVMGEEAGLDGAGQEALRQVMGVIIAEIDVTYKELGFTG
465,D0G6R4,MDDFEKVLKFWGPVEADYNAHGGLVLNRLFMERPETQQLFPKFVGIAPGDLAGNAAVSAHGATVLKKLAELLKAKGDHAAILKPMATSHATKHKIPLANFELMTEIIAKVMEEKAGLDAAGQQALRNVMAVIIADMDVTYKELGFKA
466,D2CFU6,MADFDAVLKCWGPVEADFNTVGGMVLARLFKDHPDTQKLFPKFAGIAAGDLAGNAAVAAHGGTVLKKLGELLKAKGNHAAIIKPLANSHATKHKIPINNFKLITEALVHVMQEKAGLDAAGQTALRNVMGIVIADLEANYKELGFTG
467,D5L2Y3,MGLNDQEWQQVLTMWGKVESDLAGHGHAVLMRLFQDHPETMDRFDKFRGLKTPDQMRGSEDMKKHGVTVLTQLGKILKQKGHHESELKPLAQTHATKHRVPVKYLEFICEAIMKVIAEKHSADFGANCQAAMKKALELFRHDMASRYKEFGFQG
468,E1CPX3,MADFDAVLKCWGPVEADYTTIGGLVLTRLFKEHPETQKLFPKFAGIAQADIAGNAAVSAHGATVLKKLGELLKAKGSHAAILKPLANSHATKHKIPINNFKLISEVLVKVMHEKAGLDAGGQTALRNVMGIIIADLEANYKELGFSG
469,E3TBU1,MSDFDTVLTSWGSVEANYAAIGREVLGRLFVEHPETQKHFPKFDGISAADAAGNPAVKAHGETVLKKLGDLVKAKGNHADILKPLATSHATIHKITITNFKLISEIIVKVMAEKGLLNSGG
470,E3TEM7,MSDFDTVLTSWGSVEANYAAIGGEVLGRLFVEHPETQKHFPKFDGISAADAAGNPAVKAHGETVLKKLGDLVKAKGNHADILKPLTTSHATIHKITITNFKLISEIIVKVMAEKGLLNSGGQDAMRRVLAAVINDIDVYYKELGFAG
471,E5G612,MADFDMVLKCWGPVEADHATHGSLVLTRSFTEHPETLKLFPKFAGIAHGDLAGDAGVSAHGATVLNKLGDLLKARGGHAALLKPLSSSHATKHKIPIINFKLIAEVIGKVMEEKAGLDAAGQTALRNVMAIIITDMEADYKELGFTE
472,E5G613,MADFDMVLKCWGPVEADHATHGSLVLTRLFTEHPETLKLFPKFAGIAHGDLAGDAGVSAHGATVLKKLGDLLKARGGHAALLKPLSSSHATKHKIPIINFKLIAEVIGKVMEEKAGLDAAGQTALRNVMAVIIADMEADYKELGFTE
473,E5G616,MADFDMVLKCWGLVEADYATYGSLVLTRLFTEHPETLKLFPKFAGIAHGDLAGDAGVSAHGATVLNKLGDLLKARGGHAALLKPLSSSHATKHKIPIINFKLIAEVIGKVMEEKAGLDAAGQTALRNVMAVIIADMEADYKELGFTE
474,E5G617,MADFDMVLKCWGPVEADHATHGSLVLTRLFTEHPETLKLFPKFAGIAHGDLAGDAGVSAHGATVLNKLGDLLKVRGGHAALLKPLSSSHATKHKIPIINFKLIAEVIGKVMEEKAGLDAAGQTALRNVMAVIIADMEADYKELGFTE
475,E5G618,MADFDMVLKCRGPVEADHATYGSLVLTRLFTEHPETLKLFPKFAGIAHGDLAGDAGVSAHGATVLKKLGDLLKARGGHAALLKPLSSSHATKHKIPIINFKLIAEVIGKVMEEKAGLDAAGQTALRNVMAIIITDMEADYKELGFTE
476,E5G619,MADFDMVLKCWGPVEADHATHGSLVLTRLFTEHPETLKLFPKFAGIAHGDLAGDAGVSAHGATVLKKLGDLLKARGGHAALLKPLSSSHATKHKIPIINFKLIAEVIGKVMEEKAGLDAAGQTALRNVMAIIITDMEADYKELGFTE
477,E5G620,MADFDMVLKCWGLVEADYATYGSLVLTRLFTEHPETLKLFPKFAGIAHGDLAGDAGVSAHGATVLNKLGDLLKARGGHAALLKPLSSTHATKHKIPIINFKLIAEVIGKVMEEKAGLDAAGQTALRNVMAVIIADMEADYKELGFTE
478,E5G621,MADFDMVLKCWGPVEADYATHGSLVLTRLFTEHPETLKLFPKFAGIAHGDLAGDVGVSAHGATVLNKLGDLLKARGAHAALLKPLSSSHATKHKIPIINFKLITEVIGKVMEEKAGLDAAGQTALRNVMSVIIADMEAAYKELGFTE
479,E5G627,MADFDMVLKCWGPVEADHATHGSLVLTRLFTEHPETLKLFPKFAGIAHGDLAGDAGVSAHGATVLNKLGDLLKARGGHAALLKPLSSSHATKHKIPIINFKLIAEVIGKVMEEKAGLDAAGQTALRNVMAVIIADMEADYKELGFTE
480,E5G628,MADFDMVLKCWGPVEADHATHGSLVLTRLFTEHPETLKLFPKFAGIAHGDLAGDAGVSAHGATVLKKLGDLLKARGGHAALLKPLSSSHATKHKIPIINFKLIAEVIGKVMEEKAGLDAAGQTALRNVMAIIITDMEADYKELGFTE
481,F6PMG4,MGLSDGEWQLVLNVWGKVEADIPSHGQEVLISLFKGHPETLEKFDKFKHLKSEDEMKASEELRKHGVTVLTALGGILKKKGHHEAELKPLAQSHATKHKIPVKYLEFISDAIVHVLQKKHPGDFGADAQGAMKKALELFRNDMAAKYKELGFQG
482,F7ARV1,MGLSDGEWQLVLNVWGKVEADIPSHGQEVLIRLFKGHPETLEKFDKFKHLKSEDEMKASEDLKKHGVTVLTALGGILKKKGHHEAEIKPLAQSHATKHKIPVKYLELISESIIQVLQSKHPGDFGADAQGAMNKALELFRNDMPPPHPPGPRVQERAGI
483,G1KST1,MELSDQEWQKVIDIWGKVEPEIPAYGQVVILRLFEQHPETQEKFDKFKNLKSLDEMKNSEDLKKHGTIVLTALGKILKQKRQHEAELAPLAQSHATKHKIPVKYLEFISEVIVGVIAEKRSADFGAESQAAMRKALELFRNDMDRKYKELGFQGE
484,G1PMI1,MGLSDAEWQLVLNAWGKVEADIPGHGQAVLISLFKGHPETQDKFEKLKNLKSEDEMKASEDLKKQGATVLTALGGILKKKGQHEAELKPLAESHATKHKVPVEYLEFISNSIIEVLKSKLGGDFGDDAKGAMKKALELFRNDMAAKYKELGFQG
485,G1RW45,MGLSDGEWQLVLNVWGKVEADIPSHGQEVLIRLFKGHPETLEKFDKFKHLKSEDEMKASEDLKKHGATVLTALGGILKKKGHHEAEIKPLAQSHATKHKIPVKYLEFISECIIQVLQSKHPGDFGADAQGAMNKALELFRKDMASNYKELGFQG
486,G1U1L8,MGLSDAEWQLVLNVWGKVEADLAGHGQEVLIRLFHTHPETLEKFDKFKHLKSEDEMKASEDLKKHGNTVLTALGAILKKKGHHEAEIKPLAQSHATKHKIPVKYLE
487,G3ILQ5,MGLSDGEWQKVLNVWGKVEADLAGHGQEVLIRLFKNHPETLDKFDKFKNLKSEDEMKASEDLKKHGCTVLTALGVILKKKGQHAAEIQPLAQSHATKHKIPVKYLEFISESIIEVLKSRHSGDFGDDAQGAMSKALELFRNDIAAKYKELGFQG
488,G3R764,MGLSDGEWQLVLNVWGKVEADISGHGQEVLIRLFKGHPETLEKFDKFKHLKSEDEMKASEDLKKHGATVLTALGGILKKKGHHEAEIKPLAQSHATKHKIPVKYLEFISECIIQVLQSKHPGDFGADAQGAMNKALELFRKDMASNYKELGFQG
489,G5E7F2,MGLSDGEWELVLKTWGKVEADIPGHGLEVFVRLFTGHPETLEKFDKFKHLKTEGEMKASEDLKKQGVTVLTALGGILKKKGHHQAEIQPLAQSHATKHKIPIKYLEFISDAIIHVLQSKHPAEFGADAQAAMKKALELFRNDIAAKYKELGFQG
490,G7N3Q2,MGLSDGEWQLVLNVWGKVEADIPSHGQEVLIRLFKGHPETLEKFDKFKHLKSEDEMKASEDLKKHGVTVLTALGGILKKKGHHEAEIKPLAQSHATKHKIPVKYLELISESIIQVLQSKHPGDFGADAQGAMNKALELFRNDMAAKYKELGFQG
491,G7PFA9,MGLSDGEWQLVLNVWGKVEADIPSHGQEVLIRLFKGHPETLEKFDKFKHLKSEDEMKASEDLKKHGVTVLTALGGILKKKGHHEAEIKPLAQSHATKHKIPVKYLELISESIIQVLQSKHPGDFGADAQGAMNKALELFRNDMAAKYKELGFQG
492,H0V8S3,MGLSDGEWQLVLNVWGKVEGDLGGHGQEVLIRLFKAHPETLEKFDKFKHLKGEDEMRASEDLKKHGNTVLTALGGILKKKGQHAAELAPLAQSHATKHKIPVKYLEFISEAIIQVLQSKHPGDFGADAQGAMSKALELFRNDIAAKYKELGFQG
493,H0WSI7,MGLSDGEWQLVLKIWGKVEADLAGHGQDVLIRLFTAHPETLEKFDKFKNLKTPDEMKASEDLKKHGVTVLTALGGILKKKGQHEAEIKPLAQSHATKHKIPVKYLEFISEAIIHVLQNKHSGDFGTDVQGAMSKALELFRNDIAAKYKELGFQG
494,H0ZKN4,MGLSDQEWQQVLTVWGKVESDLAGHGHQILMRLFQDHPETLDRFEKFKGLKTPDAMKGSEDLKKHGVTVLTQLGKILKAKGNHEAELKPLAQTHATKHKIPVKYLEFISEVIIKVLAEKHAADFGADAQAAMKKALELFRNDMATKYKEFGFQG
495,H2RIW6,MADFETVLKFWGPVEADYGAHGGIVLTRLFTENPETQKLFPKFAGITQSDLAGNAAVSAHGATVLKKLGELLKAKGNHAALLQPLANTHATKHKIPINNFKLIAEVIGKVMEEKAGLDAAGQQALKNVMATIIADIDVTYKDLGFS
496,H2ZWU1,CCTMALSDAEVQTARDVWGQIYANAEENGTIILVRMFTEHPDTKSYFGNFKGMGSAAEMEQSAQVRTHGKKIFSALNDMIQHLDSTDALLGVVNPLGKKHATQLKVDPKNFKIICNILLQVLDEKFGGDARAGFEKVTDVLCTHLNHAYKEAGW
497,H3AFT2,ASLNSRNFRVVVVGWGGVFIERCLFTLLFLSSLVCRMFQEHPDTQQHFPKFKHMTYQELQSSEELKTHGDTVLSKLGCLLKLKGNHAGDLHPLAQTHATKHKIPLHNFEIISEIIVKILAEKYPGDFGADGQAALKKALSMIIQDMGGMYKEFGFKG
498,H3C1W2,MGDFDMVLKFWGPVEADYSAHGGMVLTRLFTENPETQQLFPKFVGIAQSELAGNAAVSAHGATVLKKLGELLKAKGNHAAILQPLANSHATKHKIPIKNFKLIAEVIGKVMAEKAGLDTAGQQALRNIMATIIADIDATYKELGFSE
499,H3JQV6,XADFDAVLKCWGPVEADYTTIGGLVLTRLFKEHPETQKLFPKFAGIAQADIAGNAAVSAHGATVLKKLGELLKAKGSHAAILKPLANSHATKHKIPINNFKLISEVLVKVMQEKAGLDAGGQTALRNVMGIIIADLEANYKELGFS
500,I1SRL0,MAGNAALSAHGATVLKKLGELLKARGNHGAILKPLANSHATKHKIPINNFRLISEVIGKVMGEKAGLDAAGQQALRSVMAAIIADIEADYKELGFAG
501,I3KNL0,MGDFDAVLKHWGPVEADYTGYGSLVLTRLFTEHPETQKLFPKFVGIPQGELASSSAVADHGATVLKKLGELLKAKGNHAAILKPLANSHATKHKIPINNFKLISEVIVKVFAEKAGLDTAGQQGLRNVMSKVIADLEASYKELGFTG
502,I3M6D6,MGLSDAEWQLVLNIWGKVETDLAGHGQQVLISLFKGHPETLDKFDKFKHLKSEDEMKASEDLKKHGTTVLTALGGILKKKGQHEAEIKPLAQSHATKHKIPVKYLEFISEAIIEVLKSKHSGDFNEAAQGAMRKALELFRNDIAAKYKELGFQG
503,I6ZW96,MGLSDGEWQLVLTVWGKVEADLAGHGQEVLIRLFKNHPETLDKFDKFKHLKSEDEMKGSDDLKKHGNTVLSALGGILKKKGQHEAELKPLAQSHATKHKIPVKYLEFISEAIIQVLQSKHPGDFGADAQGAMSKALELFRNDMAAKYKELGFQG
504,I7ARZ8,MGLSDGEWQLVLTVWGKVEADLAGHGQEVLIRLFKNHPETLEKFDKFKNLKSEDEMKGSDDLKKHGNTVLSALGGILKKKGQHEAELKPLAQSHATKHKIPIKYLEFISEAIVQVLQSKHPGDFGADAQGAMNKALELFRNDIAAKYKELGFQG
505,K4FTL2,MTGITEADKENIHFIWEKLYENPEENGKTIVLRMFTDYPETKMYFQHFKNISTLEEMKKSPQIKRHGKIVMSALNKLIANLDNGEELSSLLAKMAERHINVHKVDLHNFQIIFNIIIAILEETFGNAFTPEIRETWTKLFGVIYACLESHYKDAGFYP
506,K4G4N4,MCDWDLINKVWAKVEEGLAGNGQTVLLRLFEEHPETKAHFPKFKDIPLGQLTSNADVKTHGNTVFKALGDVVKQKGKHASNLQALATTHINKHKIPPQNFTLITNVILKVFAEKFPGEMTAPAQEAFSKAFKAICSELEDLYKKGGFQS
507,K4G504,MCDWDLINKVWAKVEEDLAGNGQTVLLRLLEEHPETKAHFPKFKDIPLGQLTSNADVKTHGNTVFKALGDVVKQKGKHASNLQALATTHINKHKIPPQNFTLITNVILKVFAEKFPGEMTAPAQEAFSKAFKAICSELEDLYKKGGFQS
508,K4G616,MCDWDLINKVWAKVEEDLAGNGQTVLLRLFEEHPETKAHFPKFKDIPLGQLTSNADVKTHGNTVFKALGDVVKQKGKHASNLQALATTHINKHKIPPQNFTLITNVILKVFAEKFPGEMTAPAQEAFSKAFKAICSELEDLYKKGGFQS
509,K4G6K7,MCDWDLINKVWAKVEEDLAGNGQTVLLRLFEEHPETKAHFPKFKGIPLGQLTSNADVKTHGNTVFKALGDVVKQKGKHASNLQALATTHINKHKIPPQNFTLITNVILKVFAEKFPGEMTAPAQEAFSKAFKAICSELEDLYKKGGFQS
510,K4G713,MCDWDLINKVWAKVEEDLAGNGQTVLLRLFEEHPETKAHFPKFKDIPLGQLTSNADVKTHGNTVFKALGDVVKQKGKHASNLQAPATTHINKHKIPPQNFTLITNVVLKVFAEKFPGEMTAPAQEAFSKAFKAICSELEDLYKKGGFQS
511,K4GDC9,MCDWDLINKVWAKVEEDLAGNGQTVLLRLFEEHPETKAHFPKFKDIPLGQLTSNADVKTHGNTVFKALGDVVKQKGKHASNLQALATTHINKHKIPPQNFTLITNVILKVFAEKFPGEITAPAQEAFSKAFKAICSELEDLYKKGGFQS
512,K7FMT4,MGLSDNEWQHVLGIWAKVESDIPAHGQEVMIRLFQVHPETQSLFAKFKNLKTADEMKSSDELKKHGITVLTALGRILKQKNNHEQELKPLAESHATKHKIPVKYLEFICEIIVKVIAEKHPADFGADSQAEMRKALELFRNSMASKYKEFGFQG
513,K7W909,MGLSDGEWQLVLTVWGKVEADLAGHGQEVLIRLFKNHPETLEKFDKFKNLKSEDEMKGSDDLKKHGNTVLSALGGILKKKGQHEAELKPLAQSHATKHKIPVKYLEFISEAIIQVLQSKHPGDFGADAQGAMSKALEVFRNDMAAKYKELGFQG
514,K7WDR8,MGLSDGEWQLVLNAWGKVEADLAGHGQAVLIGLFKAHPETLDKFEKFKNLKSEDDMKGSEDLKKHGCTVLTALGSILKKKGQHAAEIQPLAQSHATKHKIPVKYLEFISEVIIDVLQSKHPGDFGADAQGAMSKALELFRNDMAAKYKELGFQG
515,L5KID3,MGLSDGEWQLVLNVWGKVEADIPGHGQEVLIRLFKGHPETLEKFDKFKHLKSEDEMKASEDLKKHGATVLTALGGILKKKGQHEAELKPLAQSHATKHKIPVKYLEFISEVIIQVLQSKHPGDFGADAQGAMKKALELFRNDIAAKYKELGFQG
516,L5LQ26,MGLSDAEWQLVLNAWGKVEADIPGLGQAVLISLFKGHPETQEKFEKLKNLKSEDEMKASEDLKKQGATVLTALGGVLKKKGQHEAELKPLAQSHATKHKVPVKYLEFISDSIIEVLQSKLSGDFGADAQGAMKKALELFRNDMAAKYKELGFQG
517,L8IHL0,MGLSDGEWQLVLNAWGKVEADVAGHGQEVLIRLFTGHPETLEKFDKFKHLKTEAEMKASEDLKKHGNTVLTALGGILKKKGHHEAEVKHLAESHANKHKIPVKYLEFISDAIIHVLHAKHPSDFGADAQAAMSKALELFRNDMAAQYKVLGFHG
518,M1S101,MADFDMVLKCWGPVEADPSRYGSLVLTRLFTKHPETQKLFPKFVSIPLADIPTNAAVASHGATVLNKLGELLNARGSHASILKPLAVSHATKHNIPISNFKLITEVIAEILGEKAGMDAAGQQALRNVMAIVITDLEANYKELGFSG
519,M1SQT0,MADFDMVLKHWGPVEADYNGHGGLVLTRLFTEHPETQDLFPKFVGIGKSDLAGNAAVSAHGATVLKKLGELLKAKGNHAALLKPMANSHANKHKIPIGNFKLIVEVIPKVMEEKAGLDAAGQQALRSVMAVVIADIDATYKELGFTG
520,M1T4W5,MSDFDTVLASWGKVESNISGLGGEVLTRLFTEHPDTQQLFPKFTGIARGDLAGNAAVADHGKTVLIKLGEIIKAKGSSDTIKPLATTHANKHKIGLNNFNLITEVIIKLFGEKGIWDAAAQDALRKVMASVVNEIGCVYKQLGFAG
521,M3WCL7,MGLSDGEWQLVLNVWGKVETDLAGHGQEVLISLFKGHPETLEKFEKFKHLKTEDEMKGSEDLKKHGSTVLTALGGILKKKGQHEAELKPLAQSHATKHKIPVKYLEFISEAIIHVLQSKHPHDFGTDAQAAMRKALELFRNDIAAKYKELGFQG
522,M3YM80,MGLSDGEWQLVLNVWGKVEADLAGHGQAVLISLCQGLESRKEEKKRDPAHACVSSRRSLFVSQDLLFHSDAFLVSLGHRSFLAPVSGENGQSQKTQPAHHAQHHRQPWNTEKFISDAIIQVLQSKHAGDFGAEAQAAMKKALELFRNDIAAKYKELGFQG
523,M4QSG1,MADHELVLKCWGGVEADFEGTGGEVLTRLFKQHPETQKLFPKFVGIAQSDLAGNAAVKAHGATVLKSWASCLKARGDHAAILKPLATTHANTHKIALNNFRLITEVLVKVMAEKAGLDAGGQSALRRVMDVVIGDIDTYYKEIGFAG
524,M7B1Z7,MAFSEAEVQRARGAWEKMYANAEDNGTTVLVRMFTEHPDTKSYFTHFKGMGTAEEMEQSDQVRSHGKRVLTTINDLVQHLDSTDAFLGIVNPLGKKHAMQLKVDPKNFRIICDIILQLMEEKYGGDCKASFEKVTNEICTRLNNAYKEAGW
525,M7BMA4,MVYEHINLMTFGRNKTRNEMKTLVSTKPYCYRLFQLHPETQERFAKFKNLTTIDALKSSEEVKKHGTTVLTALGRILKQKNNHEQELKPLAESHATKHKIPVKYLEFICEIIVKVIAEKHPSDFGADSQAAMKKALELFRNDMASKYKEFGFLG
526,O57410,MADFDMVLKCWGPVEADHATHGSLVLTRLFTEHPETLKLFPKFAGIAHGDLAGDAGVSAHGATVLNKLGDLLKARGAHAALPKPLSSSHATPPSTRSPLLTSS
527,Q2LC33,MADYERFLKCWGAIEADYAGHGGEVLTRLFKEHPDTLKLFPKFKGIPQSELAGDTLVASHGATVLKKLGELLRAKGDHAAILQPLATTHANKHKIALNNFRLITEVLVKVMAEKAGLDTAGQGALKRVMDCIIRDIDRYYKEIGFAG
528,Q3UVB1,MGLSDGEWQLVLNVWGKVEADLAGHGQEVLIGLFKTHPETLDKFDKFKNLKSEEDMKGSEDLKKHGCTVLTALGTILKKKGQHAAEIQPLAQSHATKHKIPVKYLEFISEIIIEVLKKRHSGDFGADAQGAMSKALELFRNDIAAKYKELGFQG
529,Q8AY74,MADFDMVLKCWGPVEADHATHGSLVLTRLFTEHPETLKLFPKFAGIAQGDLAGDAGVSAHGATVLNKLGDLLKARGAHAALPKPLSSSHATPPSTRSPLLTSS
530,Q8WVH6,MKASEDLKKHGATVLTALGGILKKKGHHEAEIKPLAQSHATKHKIPVKYLEFISECIIQVLQSKHPGDFGADAQGAMNKALELFRKDMASNYKELGFQG
531,R7VPQ5,MGLSDQEWQKVLAIWGKVESDLPGHGHEVLMRLFKDHPETLDKFERFKGLKTPDQMKGSEDLKKHGVTVLTQLGKILKQKGNHESELKPLAQTHATKHKIPVKYLEFISEVIIKVLAEKHAADFGADSQDAMKKALELFRNDMASKYKEFGFQG
532,R9RY70,MVLSDGEWQQVLNTWGKVEADIPGYGQEVLIRLFQGHPETLEKFEKFKNLKSEGDMKASEDLKKHGTTVLTALGGILKKKGQHQAELAPLAQSHANKHKIPIKYLEFISEAIIQVLQAKQGGNFGADAQSAMKKALQLFRNDIAAKYKELGFQG
533,R9RY75,MGLSEGEWQLVLNVWGKVEADLAGHGQDVLIRLFKGHPETLEKFDKFRHLKTEAEMKASEDLKKHGNTVLTALGGILKKKGHHDAELKPLAQSHATKHKIPIKYLEFISEAIIHVLHSRHPGDFGADAQGAMNKALELFRKDIAAKYKELGFHG
534,R9RY82,MGLSDGEWHLVLNIWGKVETDLAGHGQEVLIRLFKSHPETLEKFDKFKHLKSEDDMRRSEDLRKHGNTVLTALGGILKKKGHHEAELKPLAQSHATKHKIPIKYLEFISEAIIHVLHSKHPAEFGADTQAAMKKALELFRNDIAAKYKELGFHG
535,R9RY89,MGLSDGEWQLVLNVWGKVEADLAGHGQEVLIRLFKGHPETLEKFDKFKHLKSEDEMKRSEDLKKHGKTVLTALGGILKKKGHHDAELKPLAQSHATKHKIPIKYLEFISEAIIHVLQSKHPGDFGADTHAAMKKALELFRNDIAAKYRELGFQG
536,R9RY92,MGLSDGEWQLVLNVWGKVEADVAGHGQEVLIRLFTGHPETLEKFEKFKNLKTEDEMRACENLKKHGNTVLTALGGILKKKGHHEEELKPLAHSHATKHKIPIKYLEFISEAIIHVLQSKHPGDFGADAQGAMNKALELFRNDIAAKYKELGFQG
537,R9RY97,MGLSDGEWQLVLNVWGKVEADLAGHGQDILIRLFKGHPETLEKFDKFKHLKTEADMKASEDLKKHGNTVLTALGAILKKKGHHDAELKPLAQSHATKHKIPIKYLEFISEAIIHVLHSRHPAEFGADAQGAMNKALELFRKDIAAKYKELGFHG
538,R9RZ84,MGLSDGEWELVLKTWGKVEADIPGHGLEVFVRLFTGHPETLEKFDKFKHLKTEGEMKASEDLKKQGVTVLTALGGILKKKGHHQAEIQPLAQSHATKHKIPIKYLEFISDAIIHVLQSKHPAEFGADAQGAMKKALELFRNDIAAKYKELGFQG
539,R9RZ90,MGLSDGEWQLVLNVWGKVEADISGHGQEVLISLFKSHPETLEKFDKFKNLKSEGEMKASEDLKKHGATVLTALGGILKKKGQHGAEVQPLAQSHANKHKIPVKYLEFISEVIIQVLQSKHPGDFGADAQGAMRKALELFRNDMAAKYKELGFQG
540,R9RZ94,MGLSDGEWHLVLNVWGKVETDLAGHGQEVLIRLFKSHPETLEKFDKFKHLKSEDDMRRSEDLRKHGNTVLTALGGILKKKGHHEAELKPLAQSHATKHKIPIKYLEFISEAIIHVLHSKHPAEFGADAQAAMKKALELFRNDIAAKYKELGFHG
541,R9RZ98,MGLSDGEWQLVLNIWGKVEADLVGHGQEVLIRLFKGHPETLEKFDKFKHLKSEDEMKRSEDLKKHGKTVLTALGGILKKKGHHDAELKPLAQSHATKHKIPIKYLEFISEAIIHVLQSKHPGDFGADTHAAMKKALELFRNDIAAKYRELGFQG
542,R9RZA2,MGLSDGEWQLVLNIWGKVEADLAGHGQEVLISLFKNHPETLEKFDKFKHLKSEDEMKGSEDLKKHGNTVLTALGGILKKKGQHEAELKPLAQSHATKHKIPVKYLEFISEAIIQVLQRKHSGDFGADAQAAMKKALELFRNDIAAKYKELGFQG
543,R9RZA4,MGLSEAEWQLVLHVWAKVEADLSGHGQEILIRLFKGHPETLEKFEKFKHLKSEAEMKASEDLKKHGHTVLTALGGILKKKGHHEAELKPLAQSHATKHKIPIKYLEFISDAIIHVLHSKHPSDFGADAQGAMTKALELFRKDIAAKYKELGFHG
544,R9RZK1,MVLSDGEWQLVLNVWGKVEADIAGHGLEVLISLFKGHPETLEKFDKFKHLKTEEEMKACEDLKKHGTTVLTALGGILKKKGHHQVEIQPLAQSHATKHKIPVKYLEFISEAIIHVLQSKHPGDFGADAQGAMRKALELFRNDMAAKYKELGFQG
545,R9RZL2,MGLSDGEWHLVLNIWGKVETDLAGHGQEVLIRLFKSHPETLEKFDKFKHLKSEDDMRRSEDLRKHGNTVLTALGGILKKKGHHEAELKPLAQSHATKHKIPIKYLEFISEAIIQVLHSKHPGEFGADTQAAMKKALELFRNDIAAKYKELGFHG
546,R9RZL6,MGLSDGEWQLVLNIWGKVEADLVGHGQEVLIRLFKGHPETLEKFDKFKHLKSEDEMKRSEDLKKHGKTVLTALGGILKKKGHHDAELKPLAQSHATKHKIPIKYLEFISEAIIHVLQSKHPGDFGADTHAAMKKALELFRNDIAAKYRELGFQG
547,R9RZM3,MGLSDGEWQLVLNVWGKVEADLAGHGQEVLIRLFKGHPETLEKFDKFKHLKSEDEMKGSEDLKKHGNTVLTALGGILKKKGHHEAELKPLAQSHATKHKIPIKYLEFISEAIIQVLQSKHPGDFGADAQGAMRKALELFRNDIAAKYKELGFQG
548,R9RZM8,MGLSDGEWQLVLNVWGKVEADLAGHGQDVLIRLFKGHPETLEKFDKFKHLKTEADMKASEDLKKHGNTVLTALGAILKKKGHHDAELKPLAQSHATKHKIPIKYLEFISEAIIHVLHSRHPAEFGADAQGAMNKALELFRKDIAAKYKELGFHG
549,R9RZZ4,MGLSDGEWQQVLNIWGKVEADIPSHGQAVLIRLFQGHPETLEKFDKFKNLKSEDEMKGSEDLKKHGTTVLTALGGILKKKGNHQAELQPLAQSHANKHKIPIKYLEFISEAIIDVLKAKHGGDFGADAQGAMSKALELFRNDIAAKYKELGFQG
550,R9RZZ8,MGLSDGEWHLVLNVWGKVETDLAGHGQEVLIRLFKSHPETLEKFDKFKHLKSEDDMRRSEDLRKHGNTVLTALGGILKKKGHHEAELKPLAQSHATKHKIPIKYLEFISEAIIHVLHSKHPAEFGADAQAAMKKALELFRNDIAAKYKELGFHG
551,R9S002,MGLSDGEWHLVLNIWGKVETDLAGHGQEVLIRLFRSHPETLEKFDKFKHLKSEDDMRRSEDLRKHGNTVLTALGGILKKKGHHEAELKPLAQSHATKHKIPIKYLEFISEAIIQVLHNKHPGEFGADTQAAMKKALELFRNDIATKYKELGFHG
552,R9S006,MGLSDGEWQLVLNVWGKVEADLAGHGQEVLIRLFKGHPETLEKFDKFKHLKSEDEMKRSEDLKKHGKTVLTALGGIFKKKGHHDAELKPLAQSHATKHKIPIKYLEFISEAIIQVLQSKHPGDFGADTHAAMKKALELFRNDIAAKYRELGFQG
553,R9S009,MVLSDAEWQLVLNIWAKVEADVAGHGQDILIRLFKGHPETLEKFDKFKHLKTEAEMKASEDLKKHGNTVLTALGGILKKKGHHEAELKPLAQSHATKHKIPIKYLEFISDAIIHVLHSRHPADFGADAQAAMNKALELFRKDIAAKYKELGFQG
554,R9S070,MVLSDGEWQLVLNVWGKVEADIAGHGLEVLISLFKGHPETLEKFDKFKHLKTEEEMKACEDLKKHGTTVLTALGGILKKKGHHQAEIQPLAQSHATKHKIPVKYLEFISEAIIHVLQSKHPGDFGADAQGAMRKALELFRNDMAAKYKELGFQG
555,R9S075,MGLSDGEWQLVLNIWGKVEADIPGHGQEVLIRLFKNHPETLEKFDKFKSLKSEGEMKASEDLKKHGATVLTALGGILKKKGQHAAELQPLAQSHANKHKIPVKYLEFISEAIIQVLQSKHSGDFGADTKEAMKKALELFRNDMAAKYKELGFQG
556,R9S078,MGLSDGEWHLVLNVWGKVETDLAGHGQEVLIRLFKSHPETLEKFDKFKHLKSEDDMRRSEDLRKHGNTVLTALGGILKKKGHHEAELKPLAQSHATKHKIPIKYLEFISEAIIHVLHSKHPAEFGADAQAAMKKALELFRNDIAAKYKELGFHG
557,R9S081,MGLSDGEWQLVLNIWGKVEADLVGHGQEVLIRLFKGHPETLEKFDKFKHLKSEDEMKRSEDLKKHGKTVLTALGGILKKKGHHDAELKPLAQSHATKHKIPIKYLEFISEAIIHVLQSKHPGDFGADTHAAMKKALELFRNDIAAKYRELGFQG
558,R9S082,MGLSDGEWQLVLNVWGKVETDLAGHGQEVLIRLFKGHPETLEKFDKFKHLKSEDEMKASEDLKKHGNTVLTALGGILKKKGQHEAELKPLAQSHATKHKIPVKYLEFISDAIIQVLQSKHPGDFGADAQAAMKKALELFRNDIAAKYKELGFQG
559,R9S084,MGLSEAEWQLVLHVWAKVEADLSGHGQEILIRLFKGHPETLEKFDKFKHLKSEAEMKASEDLKKHGHTVLTALGGILKKKGHHEAELKPLAQSHATKHKIPIKYLEFISDAIIHVLHSKHPSDFGADAQGAMTKALELFRKDIAAKYKELGFHG
560,U3ES78,MGLTEQEWQKVLDIWDKVEPDLSLHGQEVIIRMFQNHPETQERFVKFKNFKTLEEMKNSEELKKHGTTVLSALGKILKQKGSHEAELAPLAQTHANKHKIPVKYLEFISEVIIGVIAEKHSADFGADCQEAMRKALELFRNGMASKYKELGFQG
561,U3IJ58,MGLSDQEWQQVLTIWGKVEADLAGHGHAVLMRLFQDHPETLDRFEKFKGLKTPDQMKGSEDLKKHGVTVLTQLGKILKQKGNHEAELKPLAQTHATKHKIPVKYLEFISEVIIKVIAEKHSADFGADSQAAMKKALELFRNDMASKYKEFGFQG
562,U3KF95,MGLSDQEWQQVLTVWGKVESDIAGHGHEVLMRLFQDHPETLDRFEKFKGLKTPDAMKGSEDLKKHGTTVLTQLGKILKAKGNHEAELKPLAQTHATKHKIPVKYLEFISEVIIKVIAEKHAADFGADAQAAMKKALELFRNDMASKYKEFGFQG
563,V4A8E7,MGLVMSSIQYIFGGGEQGLDIPDKATGLTIREKRLIVNSWEQIKVNIKQNGVALFIGYFIAYPYTQDYFHKFKGKDLKQVEKSAQMRSHGTTVMHALNALVENLDDPECLVDLLQKNAVTHFKLGIRYQQYKELFDMFPGYLKDRIGAQCTEQTVVAWNKATNVMLSIIETELTKQSNVTK
564,V8PDX6,MGLTEQEWQKVMDIWDKVEPDLSLHGQEVIIRMFQNHPETQERFVKFKNFKTLEEMKNSEELKKHGTTVLSALGKILKQKGSHEAELAPLAQTHANKHKIPVKYLEFISEVIIGVIAEKHSADFGADCQEAMRKALELFRNDMASKYKELGFQG
565,V9LEU4,MTGITEADKENIHFIWEKLYENPEENGRTIVLRMFTDYPETKMYFQHFKNISTLEEMKKSPQIKRHGKIVMSALNKLIANLDNGEELSSLLAKMAERHINVHKVDLHNFQIIFNIIIAILEETFGNAFTPEIRGTWTKLFGVIYACLESHYKDAGFYP
566,W5ZMY0,MSDFDQILKYWPAVEKDYRGFGGEVLTRLFKEYPVLKKLFPKFAGLSQSELAGNPGVAAHGETVLKKLAELLNARGNHGPILKPLATNHAKTHKIALNNFKLITEVLAKVMAEKAGMDAAGQTALRNVMGVVIADIDSVYKEVGFQG
567,A0A1A8RQN3,MAGWGWVYKRRELGGVRPKGIWDRHKGYLTSSQIISHQVLSPWIMADYDMILKHWGPVEADYNTHGNLVLTRLFNEHPETQKLFPKFVGIPLGELAGNAAVSAHGATVLKKLGELLKAKGNHAAILKPLANTHATKHKIPINNFRLISEVIGKVMAEKAGLDAAGQQALRNVMAVVISDIEASYKELGFTG
568,A0A452I7Q4,AKLWAVELRAPGAAQLQSCGLTQSLCCAVAWLAPAXGGAAVVLPATGAPGSAVRGQGAGWRGCSADSHWCSRLFQVHPETQERFAKFKNLKTIDELKSSEELKKHGTTVLTALGRILKLKNNHEPELKPLAESHATKHKIPVKFLEFICEIIVKVIAEKHPSDFGADSQAAMRKALELFRNDMASKYKEFGFQG
569,A0A498MVC4,MMSDCYIALECWEAVELDYAGYGGKVLARLFKKHQNTQMHFPNLVGIPEYDLEGNGKVSAHGAAVLKELGRLLRGAKNATALIELLGRHPCAVKILKLFIAVLVEVMTEKGHPRYKLRAFERVMVDIIANIDD
570,A0A498NDP2,MRGSDITWTLYKRRKLGKSDDLISFGEFSKPVTHSSERTPISTMAEHDQVLKYWGAIEADYTGNGGEVLTRLFKEYPDTQKLFPKFAGIAQSDLAGNAAVAAHGATVLKKLGELLKARGDHATILKPLANTHANTHKIALNNFRLITEVLVKVMAEKAGLDAAGQAALRKIMDIVIGDIDRYYKEFGFAG
571,A0A673VGV2,MGCQSTLPHRGGGGPGGATSEWTVLHALLCRGVSPSSQARFSSPSQMPFWSPGASLLPSSHVWRERLFKGHPETLEKFDKFKHLKTEDEMKGSEDLKKHGNTVLTALGGILKKKGQHEAELKPLAQSHATKHKIPVKYLEFISDAIIQVLQSKHPGDFGADAQAAMKKALELFRNDIAAKYKELGFQG
572,A0A6P6KUJ4,MNVGNFPNLQSVTHSSEGVAKMMADYEMFLKPWGNFVIEGAGHGGEVLKRLFQKHPDTLKLFPEFKSISYVELGKHGKTLLEKLGELLWAKGNHAAIIQKLATSDVKTDKIIHKYFRISGVLMEVMKDYGFLSSNDWKKLERVMDNIAKDI
573,A0A6P6KUR7,MMADYEMFLKPWGNFVIEGAGHGGEVLKRLFQKHPDTLKLFPEFKSISYVELGKHGKTLLEKLGELLWAKGNHAAIIQKLATSDVKTDKIIHKYFRRISGVLMEVMKDYGFLSSNDWKKLERVMDNIAKDI
574,A0A8C1A4T9,MHPCACMIQYQTMADHELVLKCWGGVEADFEGTGGEVLTRLFKQHPETQKLFPKFVGIAQSDLAGNAAVKAHGATVLKSWASCLKARGDHAAILKPLATTHANTHKIALNNFRLITEVLVKVMAEKAGLDAGGQSALRRVMDVVIGDIDTYYKEIGFAG
575,A0A8C3RKJ5,MQMWDNLPLTHQRIMGLSDAEWNHVLGIWAKVEPDLSAHGQEVIVRLFQVHPETQERFAKFKNLKTLDELKSSEEVKKHGTTVLTALGRILKQKNNHEPELKPLAESHATKHKIPVKYLEFICDIIVKVIAEKHPSDFGADSQAAMKKALELFRNDMASKYKEFGFQG
576,A0A8U7M9Z9,MGLSDQEWQQVLTIWGKVESDLAGHGHEVLMRLFKDHPETLDRFEKFKGLKTPDAMKGSEDLKKHGTTVLTQLGKILKAKGNHEAELKPLAQTHATKHKIPVKYLEFISEVIIKVIAEKHAADFGADSQAAMKKALELFRNDMASKYKEFGFQG
577,A0A8V5FQA7,MGLSDQEWQQVLAIWGKVESDIAGHGHEILMRLFKDHPETLDRFEKFKGLKTPDQMKGSEDLKKHGATVLTQLGKILKQKGNHEAELKPLAQTHATKHKIPVKYLEFISEVIIKVLAEKHAADFGADSQAAMKKALELFRNDMAAKYKEFGFQG
578,S7Q7N2,MFTGPERPRDSGRLIAQVKELAELLGPGRAGWHFAEWLLSQPADPPGSGTWVPAVCRALAEHPPATAEASTSGYSAMGLSDGEWQLVLNAWGKVEADIPGYGQAVLISLFTGHPETQQKFEKLKNLKSEDEMKASEDLKKQGATVLTALGGVLKKKGQHEAELKPLAQSHATKHKVPVQYLEFISDSIIKVLKSKLGGDFGDDAQGAMKKALELFRNDMAAKYKELGFQG
579,S9Y309,MGLSDGEWQLVLNVWGKVEADVAGHGQEVLIRAMDSPPLLAPSHALRSAGHPETLEKFDKFKHLKTADEMKASEDLKKHGNTVLTALGGILKKKGHHEAELKPLAQSHATKHKIPVKYLEFISDAIIHVLQSKHPGDFGADAQAAMNKALELFRNDMAAKYKELGFQG
