Entry,Sequence
A5A6J1,MRECISIHVGQAGVQIGNACWELYCLEHGIQPDGQMPSDKTIGGGDDSFNTFFSETGAGKHVPRAVFVDLEPTVIDEVRTGTYRQLFHPEQLITGKEDAANNYARGHYTIGKEIIDLVLDRIRKLADQCTGLQGFLVFHSFGGGTGSGFTSLLMERLSVDYGKKSKLEFSIYPAPQVSTAVVEPYNSILTTHTTLEHSDCAFMVDNEAIYDICRRNLDIERPTYTNLNRLIGQIVSSITASLRFDGALNVDLTEFQTNLVPYPRIHFPLATYAPVISAEKAYHEQLSVAEITNACFEPANQMVKCDPRHGKYMACCLLYRGDVVPKDVNAAIATIKTKRTIQFVDWCPTGFKVGINYQPPTVVPGGDLAKVQRAVCMLSNTTAIAEAWARLDHKFDLMYAKRAFVHWYVGEGMEEGEFSEAREDMAALEKDYEEVGVDSVEGEGEEEGEEY
A6NHL2,MRECLSIHIGQAGIQIGDACWELYCLEHGIQPNGVVLDTQQDQLENAKMEHTNASFDTFFCETRAGKHVPRALFVDLEPTVIDGIRTGQHRSLFHPEQLLSGKEDAANNYARGRYSVGSEVIDLVLERTRKLAEQCGGLQGFLIFRSFGGGTGSGFTSLLMERLTGEYSRKTKLEFSVYPAPRISTAVVEPYNSVLTTHSTTEHTDCTFMVDNEAVYDICHRKLGVECPSHASINRLVVQVVSSITASLRFEGPLNVDLIEFQTNLVPYPRIHFPMTAFAPIVSADKAYHEQFSVSDITTACFESSNQLVKCDPRLGKYMACCLLYRGDVVPKEVNAAIAATKSRHSVQFVDWCPTGFKVGINNRPPTVMPGGDLAKVHRSICMLSNTTAIVEAWARLDHKFDLMYAKRAFLHWYLREGMEEAEFLEAREDLAALERDYEEVAQSF
B9DGT7,MRECISIHIGQAGIQVGNACWELYCLEHGIQPDGQMPSDKTVGGGDDAFNTFFSETGAGKHVPRAVFVDLEPTVIDEVRTGTYRQLFHPEQLISGKEDAANNFARGHYTIGKEIVDLCLDRIRKLADNCTGLQGFLVFNAVGGGTGSGLGSLLLERLSVDYGKKSKLGFTVYPSPQVSTSVVEPYNSVLSTHSLLEHTDVSILLDNEAIYDICRRSLSIERPTYTNLNRLVSQVISSLTASLRFDGALNVDVTEFQTNLVPYPRIHFMLSSYAPVISAEKAFHEQLSVAEITNSAFEPASMMAKCDPRHGKYMACCLMYRGDVVPKDVNAAVGTIKTKRTIQFVDWCPTGFKCGINYQPPTVVPGGDLAKVQRAVCMISNSTSVAEVFSRIDHKFDLMYAKRAFVHWYVGEGMEEGEFSEAREDLAALEKDYEEVGAEGGDDEDDEGEEY
B9DHQ0,MREIISIHIGQAGIQVGNSCWELYCLEHGIQPDGMMPSDTTVGVAHDAFNTFFSETGAGKHVPRAVFVDLEPTVIDEVRTGTYRQLFHPEQLISGKEDAANNFARGHYTVGKEIVDLCLDRVRKLADNCTGLQGFLVFNAVGGGTGSGLGSLLLERLSVDYGKKSKLGFTIYPSPQVSTAVVEPYNSVLSTHSLLEHTDVAVLLDNEAIYDICRRSLDIERPTYTNLNRLISQIISSLTTSLRFDGAINVDITEFQTNLVPYPRIHFMLSSYAPVISAAKAYHEQLSVPEITNAVFEPASMMAKCDPRHGKYMACCLMYRGDVVPKDVNAAVGTIKTKRTVQFVDWCPTGFKCGINYQPPTVVPGGDLAKVQRAVCMISNNTAVAEVFSRIDHKFDLMYAKRAFVHWYVGEGMEEGEFSEAREDLAALEKDYEEVGAEGGDDEEDEGEDY
O22347,MRECISIHIGQAGIQVGNACWELYCLEHGIQADGQMPGDKTIGGGDDAFNTFFSETGAGKHVPRAVFVDLEPTVIDEVRTGTYRQLFHPEQLISGKEDAANNFARGHYTIGKEIVDLCLDRIRKLADNCTGLQGFLVFNAVGGGTGSGLGSLLLERLSVDYGKKSKLGFTVYPSPQVSTSVVEPYNSVLSTHSLLEHTDVAVLLDNEAIYDICRRSLDIERPTYTNLNRLVSQVISSLTASLRFDGALNVDVNEFQTNLVPYPRIHFMLSSYAPVISAEKAYHEQLSVAEITNSAFEPSSMMAKCDPRHGKYMACCLMYRGDVVPKDVNAAVATIKTKRTIQFVDWCPTGFKCGINYQPPSVVPGGDLAKVQRAVCMISNSTSVVEVFSRIDHKFDLMYAKRAFVHWYVGEGMEEGEFSEAREDLAALEKDYEEVGAEFDEGEEGDEGDEY
P02550,MRECISIHVGQAGVQIGNACWELYCLEHGIQPDGQMPSDKTIGGGDDSFNTFFSETGAGKHVPRAVFVDLEPTVIDEVRTGTYRQLFHPEQLITGKEDAANNYARGHYTIGKEIIDLVLDRIRKLADQCTGLQGFSVFHSFGGGTGSGFTSLLMERLSVDYGKKSKLEFSIYPAPQVSTAVVEPYNSILTTHTTLEHSDCAFMVDNEAIYDICRRNLDIERPTYTNLNRLIGQIVSSITASLRFDGALNVDLTEFQTNLVPYPRAHFPLATYAPVISAEKAYHEQLSVAEITNACFEPANQMVKCDPRHGKYMACCLLYRGDVVPKDVNAAIATIKTKRTIQFVDWCPTGFKVGINYEPPTVVPGGDLAKVQRAVCMLSNTTAIAEAWARLDHKFDLMYAKRAFVHWYVGEGMEEGEFSEAREDMAALEKDYEEVGVDSVEGEGEEEGEEY
P04105,MREIISIHIGQAGAQVGNACWELYCLEHGINPDGQMPSDKSVGGGDDAFNTFFSETSSGKHVPRAIYLDLEPTVIDEIRTGTYRQLFHPEQLITGKEDAANNYARGHYTVGKEIVDLCLDRVRKLADQCSGLQGFLVFHSVGGGTGSGFGSLLLERLSVDYGKKSKLDFCVYPSPQVSTAVVEPYNSVLSTHGLLEHTDVAFMLDNEAIYDLCKKSLDIDRPSYANLNRLVAQVISSLTTSLRFDGALNVDINEFQTNLVPYPRIHFMLASYAPVISAEKAFHEQLSVAELTNTVFEPSSMMAKCDPRHGKYMACCLMYRGDVVPKDVTAAVAVIKTKRTIQFVDWCPTGFKCGINYQAPSVVPGGDLAKVQRALCMISNTTAIAEVFSRIDHKFDLMYAKRAFVHWYVGEGMEEGEFSEAREDLAALEKDYEEVGAETVGDDEAEEEM
P04688,MREVISVHVGQAGVQIGNACWELYCLEHGIGPDGFPTENSEVHKNNSYLNDGFGTFFSETGQGKFVPRSIYVDLEPNVIDQVRTGPYKDLFHPEQMVTGKEDASNNYARGHYTVGKEMIDSVLERIRRMADNCSGLQGFLVFHSFGGGTGSGLGALLLERLNMEYGKKSNLQFSVYPAPQVSTSVVEPYNSVLTTHATLDNSDCTFMVDNEACYDICRRNLDIERPTYENLNRLIAQVVSSITASLRFAGSLNVDLNEFQTNLVPYPRIHFPLVTYSPIVSAAKAFHESNSVQEITNQCFEPYNQMVKCDPRTGRYMATCLLYRGDVIPRDVQAAVTSIKSRRTIQFVDWCPTGFKIGICYEPPQHVPGSGIAKVNRAVCMLSNTTSIAEAWSRLDHKFDLMYSKRAFVHWYVGEGMEEGEFSEAREDLAALERDYEEVGQDSMDNEMYEADEEY
P04689,MREIISIHVGQAGTQIGNACWELYCLEHGIQPNGYMNPETASQNSDGGFSTFFSETGQGKYVPRSIYVDLEPNVIDQVRTGPYRDLFHPEQLITGKEDASNNYARGHYTVGKELVDEVTDKIRRIADNCSGLQGFLVFHSFGGGTGSGFGALLLERLAMEYTKKSKLQFSVYPAPQVSTSVVEPYNSVLTTHATLDLADCTFMVDNESCYDICRRNLDIERPSYENLNRLIAQVVSSITASLRFEGSLNVDLAEFQTNLVPYPRIHFPLVTYAPIVSAAKAFHESNSVQEITNQCFEPYNQMVKCDPRAGRYMATCLLYRGDVIPRDVQAAVTTIKAKRTIQFVDWCPTGFKIGICDRPPQHIEGSEIAKVDRAVCMLSNTTSIAEAWSRLDHKFDLMYSKRAFVHWYVGEGMEEGEFSEAREDLAALERDYEEVGQDSMEVDYMEEEY
P05213,MRECISIHVGQAGVQIGNACWELYCLEHGIQPDGQMPSDKTIGGGDDSFNTFFSETGAGKHVPRAVFVDLEPTVIDEVRTGTYRQLFHPEQLITGKEDAANNYARGHYTIGKEIIDLVLDRIRKLADQCTGLQGFLVFHSFGGGTGSGFTSLLMERLSVDYGKKSKLEFSIYPAPQVSTAVVEPYNSILTTHTTLEHSDCAFMVDNEAIYDICRRNLDIERPTYTNLNRLISQIVSSITASLRFDGALNVDLTEFQTNLVPYPRIHFPLATYAPVISAEKAYHEQLSVAEITNACFEPANQMVKCDPRHGKYMACCLLYRGDVVPKDVNAAIATIKTKRSIQFVDWCPTGFKVGINYQPPTVVPGGDLAKVQRAVCMLSNTTAIAEAWARLDHKFDLMYAKRAFVHWYVGEGMEEGEFSEAREDMAALEKDYEEVGVDSVEGEGEEEGEEY
P05214,MRECISIHVGQAGVQIGNACWELYCLEHGIQPDGQMPSDKTIGGGDDSFNTFFSETGAGKHVPRAVFVDLEPTVVDEVRTGTYRQLFHPEQLITGKEDAANNYARGHYTIGKEIVDLVLDRIRKLADLCTGLQGFLIFHSFGGGTGSGFASLLMERLSVDYGKKSKLEFAIYPAPQVSTAVVEPYNSILTTHTTLEHSDCAFMVDNEAIYDICRRNLDIERPTYTNLNRLIGQIVSSITASLRFDGALNVDLTEFQTNLVPYPRIHFPLATYAPVISAEKAYHEQLSVAEITNACFEPANQMVKCDPRHGKYMACCMLYRGDVVPKDVNAAIATIKTKRTIQFVDWCPTGFKVGINYQPPTVVPGGDLAKVQRAVCMLSNTTAIAEAWARLDHKFDLMYAKRAFVHWYVGEGMEEGEFSEAREDLAALEKDYEEVGVDSVEAEAEEGEEY
P06603,MRECISIHVGQAGVQIGNACWELYCLEHGIQPDGQMPSDKTVGGGDDSFNTFFSETGAGKHVPRAVFVDLEPTVVDEVRTGTYRQLFHPEQLITGKEDAANNYARGHYTIGKEIVDLVLDRIRKLADQCTGLQGFLIFHSFGGGTGSGFTSLLMERLSVDYGKKSKLEFAIYPAPQVSTAVVEPYNSILTTHTTLEHSDCAFMVDNEAIYDICRRNLDIERPTYTNLNRLIGQIVSSITASLRFDGALNVDLTEFQTNLVPYPRIHFPLVTYAPVISAEKAYHEQLSVAEITNACFEPANQMVKCDPRHGKYMACCMLYRGDVVPKDVNAAIATIKTKRTIQFVDWCPTGFKVGINYQPPTVVPGGDLAKVQRAVCMLSNTTAIAEAWARLDHKFDLMYAKRAFVHWYVGEGMEEGEFSEAREDLAALEKDYEEVGMDSGDGEGEGAEEY
P06604,MRECISVHIGQAGVQIGNACWELYCLEHGIQPDGHMPSDKTVGGGDDSFSTFFSETGAGKHVPRAVFVDLEPTVVDEVRTGTYRQLFHPEQLITGKEDAANNYARGHYTIGKEIVDVVLDRIRKLADQCTGLQGFLVFHSFGGGTGSGFTSLLMERLSVDYGKKSKLEFSIYPAPQVSTAVVEPYNSILTTHTTLEHSDCAFMVDNEAIYDICRRNLDIERPTYMNLNRLIGQIVSSITASLRFDGALNVDLTEFQTNLVPYPRIHFPLATYAPVISVEKAYHEQLTVAEITNACFEPANQMVKCDPRRGKYMACCMLYRGDVVPKDVNAAIATIKTKRSIQFVDWCPTGFKVGINYQPPTVVPGGDLAKVQRAVCMLSNTTAIAEAWARLDHKFDLMYAKRAFVHWYVGEGMEEGEFAEAREDLAALEKDYEEVGIDSTTELGEDEEY
P06605,MRECISIHVGQAGVQIGNACWELYCLEHGIQPDGQMPSDKTVGGGDDSFNTFFSETGAGKHVPRAVFVDLEPTVVDEVRTGTYRQLFHPEQLITGKEDAANNYARGHYTIGKEIVDLVLDRIRKLADQCTGLQGFLIFHSFGGGTGSGFTSLLMERLSVDYGKKSKLEFAVYPAPQVSTAVVEPYNSILTTHTTLEHSDCAFMVDNEAIYDICRRNLDIERPTYTNLNRLIGQIVSSITASLRFDGALNVDLTEFQTNLVPYPRIHFPLVTYAPVISAEKAYHEQLSVAEITNACFEPANQMVKVDPRHGKYMACCMLYRGDVVPKDVNAAIATIKTKRTIQFVDWCPTGFKVGINYQPPTVVPGGDLAKVQRAVCMLSNTTAIAEAWARLDHKFDLMYAKRAFVHWYVGEGMEEGEFSEAREDLAALEKDYEEVGMDSGDGEGEGAEEY
P06606,MREVVSIQIGQCGIQIGNACWELYLLEHGINLDGSLKTKEELTASGSSASVGHDTSANDARTFFTETGNGKQVPRSIFVDLEPTVIDDVRNGCMRELYHPEQLISGKEDAANNYARGRYSIGKEVIDRVTSRLQKIAEQCDSLQGFLIFHSLGGGTGSGFTSLLVERLSTDYSKKCKLDFAVYPSPKVSTAVVEPYNALLTTHSTMDHSDCVFMVDNEAIYDICNNSLGVDRPAYRNLNRLIAQIVSSTTASLRFSGSMNVDLNEFQTNLVPFPRIHFPLVAYAPLMSAERSAHEQHAITTLTNACFESSNMMVKCDPRAGKFMACCMLYRGDVVPKDVNAAVSAIKSKRHIQFVDWCPTGFKIGINYEKPAFVPDGDLAKTSRACCMLSNTTAISVAFSNLSYKFDLMFKKRAFVHWYVGEGMEEGEFTEARENIAVLERDFEEVGLDNAEEGGDEDFDEF
P08537,MRECISIHVGQAGVQIGNACWELYCLEHGIQPDGQMPSDKTIGGGDDSFNTFFSETGAGKHVPRAVFVDLEPTVIDEVRTGTYRQLFHPEQLITGKEDAANNYARGHYTIGKEIIDLVLDRIRKLADQCTGLQGFLVFHSFGGGTGSGFTSLLMERLSVDYGKKSKLEFAIYPAPQVSTAVVEPYNSILTTHTTLEHSDCAFMVDNEAIYDICRRNLDIERPTYTNLNRLISQIVSSITASLRFDGALNVDLTEFQTNLVPYPRIHFPLATYAPVISAEKAYHEQLTVADITNACFEPANQMVKCDPRHGKYMACCLLYRGDVVPKDVNAAIATIKTKRSIQFVDWCPTGFKVGINYQPPTVVPGGDLAKVQRAVCMLSNTTAIAEAWARLDHKFDLMYAKRAFVHWYVGEGMEEGEFSEAREDMAALEKDYEEVGADSADAEDEGEEY
P09204,MREVISIHIGQAGIQVGNACWELYCLEHGIQPDGQMPSDKTIGGGDDAFNTFFSETGAGKHVPRCIFLDLEPTVVDEVRTGTYRQLFHPEQLISGKEDAANNFARGHYTIGKEIVDLALDRIRKLADNCTGLQGFLVFNAVGGGTGSGLGSLLLERLSVDYGKKSKLGFTVYPSPQVSTAVVEPYNSVLSTHSLLEHTDVAVMLDNEAIYDICRRSLDIERPTYTNLNRLIAQVISSLTASLRFDGALNVDITEFQTNLVPYPRIHFMLSSYAPIISAEKAYHEQLSVAEITNAAFEPASMMVKCDPRHGKYMACCLMYRGDVVPKDVNASVATIKTKRTIQFVDWCPTGFKCGINYQPPTVVPGGDLAKVQRAVCMISNSTAIGEIFSRLDHKFDLMYAKRAFVHWYVGEGMEEGEFSEAREDLAALEKDFEEVGAESAEGAGEGEGEEY
P09205,MREVISIHIGQAGIQVGNACWELYCLEHGIQPDGQMPSDKTIGGGDDAFNTFFSETGAGKHVPRCIFLDLEPTVVDEVRTGTYRQLFHPEQLISGKEDAANNFARGHYTIGKEIVDLALDRIRKLADNCTGLQGFLVFNAVGGGTGSGLGSLLLERLSVDYGKKSKLGFTVYPSPQVSTAVVEPYNSVLSTHSLLEHTDVAVMLDNEAIYDICRRSLDIERPTYTNLNRLIAQVISSLTASLRFDGALNVDITEFQTNLVPYPRIHFMLSSYAPIISAEKAYHEQLSVAEITNAAFEPASMMVKCDPLHGKYMACCLMYRGDVVPKDVNASVATIKTKRTIQFVDWCPTGFKCGINYQPPTVVPGVDLAKVQRAVCMISNSTAIGEIFSRLDHKFDLMYAKRAFVHWYVGEGMEEGEFSEAREDLAALEKDFEEVGAESAEGAGEGEGEEY
P09733,MREVISINVGQAGCQIGNACWELYSLEHGIKPDGHLEDGLSKPKGGEEGFSTFFHETGYGKFVPRAIYVDLEPNVIDEVRNGPYKDLFHPEQLISGKEDAANNYARGHYTVGREILGDVLDRIRKLADQCDGLQGFLFTHSLGGGTGSGLGSLLLEELSAEYGKKSKLEFAVYPAPQVSTSVVEPYNTVLTTHTTLEHADCTFMVDNEAIYDMCKRNLDIPRPSFANLNNLIAQVVSSVTASLRFDGSLNVDLNEFQTNLVPYPRIHFPLVSYSPVLSKSKAFHESNSVSEITNACFEPGNQMVKCDPRDGKYMATCLLYRGDVVTRDVQRAVEQVKNKKTVQLVDWCPTGFKIGICYEPPTATPNSQLATVDRAVCMLSNTTSIAEAWKRIDRKFDLMYAKRAFVHWYVGEGMEEGEFTEAREDLAALERDYIEVGADSYAEEEEF
P09734,MREVISINVGQAGCQIGNACWELYSLEHGIKEDGHLEDGLSKPKGGEEGFSTFFHETGYGKFVPRAIYVDLEPNVIDEVRTGRFKELFHPEQLINGKEDAANNYARGHYTVGREIVDEVEERIRKMADQCDGLQGFLFTHSLGGGTGSGLGSLLLENLSYEYGKKSKLEFAVYPAPQLSTSVVEPYNTVLTTHTTLEHADCTFMVDNEAIYDICKRNLGISRPSFSNLNGLIAQVISSVTASLRFDGSLNVDLNEFQTNLVPYPRIHFPLVSYAPILSKKRATHESNSVSEITNACFEPGNQMVKCDPTKGKYMANCLLYRGDVVTRDVQRAVEQVKNKKTVQMVDWCPTGFKIGICYEPPSVIPSSELANVDRAVCMLSNTTAIADAWKRIDQKFDLMYAKRAFVHWYVGEGMEEGEFTEAREDLAALERDYIEVGADSYAEEF
P0DPH7,MRECISIHVGQAGVQIGNACWELYCLEHGIQPDGQMPSDKTIGGGDDSFNTFFSETGAGKHVPRAVFVDLEPTVVDEVRTGTYRQLFHPEQLITGKEDAANNYARGHYTIGKEIVDLVLDRIRKLADLCTGLQGFLIFHSFGGGTGSGFASLLMERLSVDYGKKSKLEFAIYPAPQVSTAVVEPYNSILTTHTTLEHSDCAFMVDNEAIYDICRRNLDIERPTYTNLNRLIGQIVSSITASLRFDGALNVDLTEFQTNLVPYPRIHFPLATYAPVISAEKAYHEQLSVAEITNACFEPANQMVKCDPRHGKYMACCMLYRGDVVPKDVNAAIATIKTKRTIQFVDWCPTGFKVGINYQPPTVVPGGDLAKVQRAVCMLSNTTAIAEAWARLDHKFDLMYAKRAFVHWYVGEGMEEGEFSEAREDLAALEKDYEEVGVDSVEAEAEEGEEY
P0DPH8,MRECISIHVGQAGVQIGNACWELYCLEHGIQPDGQMPSDKTIGGGDDSFNTFFSETGAGKHVPRAVFVDLEPTVVDEVRTGTYRQLFHPEQLITGKEDAANNYARGHYTIGKEIVDLVLDRIRKLADLCTGLQGFLIFHSFGGGTGSGFASLLMERLSVDYGKKSKLEFAIYPAPQVSTAVVEPYNSILTTHTTLEHSDCAFMVDNEAIYDICRRNLDIERPTYTNLNRLIGQIVSSITASLRFDGALNVDLTEFQTNLVPYPRIHFPLATYAPVISAEKAYHEQLSVAEITNACFEPANQMVKCDPRHGKYMACCMLYRGDVVPKDVNAAIATIKTKRTIQFVDWCPTGFKVGINYQPPTVVPGGDLAKVQRAVCMLSNTTAIAEAWARLDHKFDLMYAKRAFVHWYVGEGMEEGEFSEAREDLAALEKDYEEVGVDSVEAEAEEGEEY
P11139,MREIISIHIGQAGIQVGNSCWELYCLEHGIQPDGTMPSDSTVGACHDAFNTFFSETSSGQHVPRAVFLDLEPTVIDEVRTGTYRQLFHPEQLISGKEDAANNFARGHYTVGREIVDTCLERLRKLADNCTGLQGFLVFNAVGGGTGSGLGSLLLERLSVDFGKKSKLGFTIYPSPQVSTAVVEPYNSVLSTHSLLEHTDVVVLLDNEAIYDICRRSLDIERPTYSNLNRLISQTISSLTTSLRFDGAINVDITEFQTNLVPYPRIHFMLSSYAPVISSAKAYHEQFSVPEITTSVFEPSNMMAKCDPRHGKYMACCLMYRGDVVPKDVNTAVAAIKAKRTIQFVDWCPTGFKCGINYQPPSVVPGGDLAKVQRAVCMISNNTAVAEVFSRIDHKFDLMYSKRAFVHWYVGEGMEEGEFSEAREDLAALEKDYEEVGGEGAEDDDEEGDEY
P14640,MRECISIHIGQAGIQVGNACWELYCLEHGIQADGQMPGDKTIGGGDDAFNTFFSETGAGKHVPRAVFVDLEPTVIDEVRTGTYRQLFHPEQLISGKEDAANNFARGHYTIGKEIVDLCLDRIRKLADNCTGLQGFLVFNAVGGGTGSGLGSLLLERLSVDYGKKSKLGFTVYPSPQVSTSVVEPYNSVLSTHSLLEHTDVAILLDNEAIYDICRRSLDIERPTYTNLNRLVSQVISSLTASLRFDGALNVDVNEFQTNLVPYPRIHFMLSSYAPVISAEKAYHEQLSVAEITNSAFEPSSMMAKCDPRHGKYMACCLMYRGDVVPKDVNAAVATIKTKRTIQFVDWCPTGFKCGINYQPPSVVPGGDLAKVQRAVCMISNSTSVVEVFSRIDHKFDLMYAKRAFVHWYVGEGMEEGEFSEAREDLAALEKDYEEVGAEFDEGEDGDEGDEY
P14641,MRECISIHIGQAGIQVGNACWELYCLEHGIQADGQMPGDKTIGGGDDAFNTFFSETGAGKHVPRAVFVDLEPTVIDEVRTGTYRQLFHPEQLISGKEDAANNFARGHYTIGKEIVDLCLDRIRKLADNCTGLQGFLVFNAVGGGTGSGLGSLLLERLSVDYGKKSKLGFTVYPSPQVSTSVVEPYNSVLSTHSLLEHTDVAILLDNEAIYDICRRSLDIERPTYTNLNRLVSQVISSLTASLRFDGALNVDVNEFQTNLVPYPRIHFMLSSYAPVISAEKAYHEQLSVAEITNSAFEPSSMMAKCDPRHGKYMACCLMYRGDVVPKDVNAAVATIKTKRTIQFVDWCPTGFKCGINYQPPSVVPGGDLAKVQRAVCMISNSTSVVEVFSRIDHKFDLMYAKRAFVHWYVGEGMEEGEFSEAREDLAALEKDYEEVGAEFDEGEEGDDGDEY
P18258,MRECISIHVGQAGVQMGNACWELYCLEHGIQPDGQMPSDKTIGGGDDSFNTFFSETGAGKHVPRAVFVDLEPTVVDEVRTGTYRQLFHPEQLITGKEDAANNYARGHYTVGKELIDIVLDRIRKLADQCTGLQGFLIFHSFGGGTGSGFSSLLMERLSVDYGKKSKLEFAVYPAPQISTAVVEPYNSILTTHTTLEHSDCAFMVDNEAIYDICRRNLDIERPTYTNLNRLIGQIVSSITASLRFDGALNVDLTEFQTNLVPYPRIHFPLATYAPVISAEKAYHEQLTVSEITNACFEPANQMVKCDPRHGKYMACCLLYRGDVVPKDVNAAIATIKTKRTIQFVDWCPTGFKVGINYQPPTVVPGGDLAKVQRAVCMLSNTTAIAEAWARLDHKFDLMYAKRAFVHWYVGEGMEEGEFSEAREDLAALEKDYEEVGVDSADAEGEEEEGDEY
P18288,MRECISIHVGQAGVQIGNACWELYCLEHGIQPDGQMPSDKTIGGGDDSFNTFFSETGAGKHVPRAVFVDLEPTVVDEVRTGTYRQLFHPEQLITGKEDAANNYARGHYTIGKEIVDLVLDRVRKLSDQCTGLQGFLIFHSFGGGTGSGFASLLMERLSVDYGKKSKLEFAIYPAPQVSTAVVEPYNSILTTHTTLEHSDCAFMVDNEAIYDICRRNLDIERPTYTNLNRLIGQIVSSITASLRFDGALNVDLTEFQTNLVPYPRIHFPLVTYAPVISAEKAYHEMLSVAEITNACFEPANQMVKCDPRHGKYMACCMLYRGDVVPKDVNAAIATIKTKRTIQFVDWCPTGFKVGINYQPPTVVPGGDLAKVQRAVCMLSNTTAIAEAWARLDHKFDLMYAKRAFVHWYVGEGMEEGEFSEAREDLAALEKDYEEVGVDSVEGEAEEGEEY
P22275,MRECISVHIGQAGIQVGNACWELYCLEHGIQPDGQVPGDKTAGHHDDAFSTFFSQTGAGKHVPRAIFVDLEPTVIDEVRTGTYRQLFHPEQLISGKEDAANNFARGHYTIGKEIVDLCLDRIRKLADNCTGLQGFLVFNAVGGGTGSGLGSLLLERLSVEYGKKSKLGFTVYPSPQVSTSVVEPYNSVLSTHSLLEHTDVSILLDNEAIYDICRRSLDIERPNYSNLNRLVSQVISSLTASLRFDGALNVDVNEFQTNLVPYPRIHFMLSSYAPVISSAKAFHEQLSVAEITSSAFEPASMMVKCDPRHGKYMACCLMYRGDVVPKDVNAAVATIKTKRTIQFVDWCPTGFKCGINYQAPTVVPGADLAKVQRAVCMISNSTSVVEVFSRINSKFDLMYAKRAFVHWYVGEGMEEGEFSEAREDLAALEKDYEEVAAEGGSDDGDEEEEY
P24633,MREVISLNVGQAGCQIANSCWELYCLEHGIQPDGYLTEERKKEDPDHGFSTFFSETGQGKYVPRTIYADLEPNVVDEVRTGTYRSLFHPENLITGKEDASNNYARGHYTVGKEMIDQVLDKVRRMADSCSGLQGFLVFHSFGGGTGSGFGALLMERLSVDYGKKSKLEFCVYPAPQNATSVVEPYNSILTTHTTLEHSDCSFMVDNEAIYDICRRNLGIERPSYENLNRLIAQVVSSITASLRFDGSLNVDLNEFQTNLVPYPRIHFPLVAYSPVISADKASHEANSVQDITMSCFEPNNQMVKCDPRNGKYMATCLLYRGDVVPKETHAAVATLKTKRTIQFVDWCPTGFKIGICYQPPQQVPNGDLAKVNRAVCMLSNTTAISEAWSALDHKFDLMYSKRAFVHWYVGEGMEEGEFSEAREDLAALERDYEEVASDSLEEEGEEVEY
P29511,MRECISIHIGQAGIQVGNACWELYCLEHGIQPDGQMPGDKTVGGGDDAFNTFFSETGAGKHVPRAVFVDLEPTVIDEVRTGTYRQLFHPEQLISGKEDAANNFARGHYTIGKEIVDLCLDRIRKLADNCTGLQGFLVFNAVGGGTGSGLGSLLLERLSVDYGKKSKLGFTVYPSPQVSTSVVEPYNSVLSTHSLLEHTDVSILLDNEAIYDICRRSLNIERPTYTNLNRLVSQVISSLTASLRFDGALNVDVTEFQTNLVPYPRIHFMLSSYAPVISAEKAFHEQLSVAEITNSAFEPASMMAKCDPRHGKYMACCLMYRGDVVPKDVNAAVGTIKTKRTIQFVDWCPTGFKCGINYQPPTVVPGGDLAKVQRAVCMISNSTSVAEVFSRIDHKFDLMYAKRAFVHWYVGEGMEEGEFSEAREDLAALEKDYEEVGAEGGDDEDDEGEEY
P30436,MREVISMHVGQAGVQMGNACWELYCLEHGIQPDGQMPSDKTCGGGDDSFNTFFSETGAGKHVPRAIFVDLEPTVIDEVRTGIYRQLFHPEQLITGKEDAANNYARGHYTIGKEIIDIVLDRTRKLADQCTGLQGFLIFHSFGGGTGSGFTSLLMERLSVDYGKKSKLEFAVYPAPQVSTAVVEPYNSILTTHTTLEHSDCAFMVDNEAIYDICRRNLDIERPSYTNLNRLIGQIVSSITASLRFDGALNVDLTEFQTNLVPYPRIHFPLATYAPVISAEKAYHEQLSVADITNACFEPANQMVKCDPRHGKYMACCLLYRGDVVPKDVNSAIAAIKTKRSIQFVDWCPTGFKVGINYQPPTVVPGGDLAKVQRAVCMLSNTTAIAEAWARLDHKFDLMYAKRAFVHWYVGEGMEEGEFSEAREDMAALEKDYEEVGTDSVGEEDEEGEEY
P32255,MGREIISIHIGQAGVQVGNSCWELYCLEHGIERDGSIPADRKQSSDVNNLNKDLGTFFSESTNGKKVVPRAIFLDLEPTVIDEIRTGDYKNLFHPEQLITGKEDAANNYARGHYTVGKELIDVCVDRIRRLADQCDGLQGFLVFHSVGGGTGSGFGSLLLQKLALDYGGKKSKLDFCVYPSPQVSTSVVEPYNSVLSTHSLLEHTDVSFMLDNEAIYNICKNSLDIEKPTYTNLNRLIAQVISSLTSSLRFPGQLNLDINDIQTNLVPFPRLHFVLCSYAPVISREKAHHETITVDNITSAVFSEKNIMAKCQPNLGKYMACCLMYRGDIVPKEAQKAVQNIRSEKSRNVSFVDWSPTGFKCGINNQAPVSTKDSEMAEVKKSVCMLSNTTAISQVFSRINHKFDLMFVKRAFVHWYVGEGMEEGEFAEARDDLLALEKDYESVSASTEGEEQEEEY
P34690,MREVISIHVGQAGVQIGNACWELYCLEHGIQPDGTMPTQSTNEGESFTTFFSDTGSGRYVPRSIFVDLEPTVVDEIRTGTYKKLFHPEQMITGKEDAANNYARGHYTVGKELIDTVLDRIRRLADNCSGLQGFFVFHSFGGGTGSGFTSLLMERLSVDYGKKSKLEFSIYPAPQVSTAVVEPYNSILTTHTTLEHSDCAFMVDNEAIYDICRRNLDVERPSYTNLNRIISQVVSSITASLRFDGALNVDLNEFQTNLVPYPRIHFPLAAYTPLISAEKAYHEALSVSDITNSCFEPANQMVKCDPRHGKYMAVCLLYRGDVVPKDVNTAIAAIKTKRTIQFVDWCPTGFKVGINYQPPTVVPGGDLAKVPRAVCMLSNTTAIAEAWSRLDYKFDLMYAKRAFVHWYVGEGMEEGEFTEAREDLAALEKDYEEVGADSNEGGEEEGEEY
P36220,MRECISIHVGQAGVQIGNACWELYCLEHGIQPDGQMPSDKTIGGGDDSFNTFFSETGAGKHVPRAVFVDLEPTVIDEVRTGTYRQLFHPEQLITGKEDAANNYARGHYTIGKEIIDLVLDRIRKLADQCTGLQGFLVFHSFGGGTGSGFTSLLMERLSVDYGKKSKLEFSIYPAPQVSTAVVEPYNSILTTHTTLEHSDCAFMVDNEAIYDICRRNLDIERPTYTNLNRLISQIVSSITASLRFDGALNVDLTEFQTNLVPYPRIHFPLATYAPVISAEKAYHEQLSVSEITNACFEPANQMVKCDPRHGKYMACCLLYRGDVVPKDVNAAIATIKTKRSIQFVDWCPTGFKVGINYQPPTVVPGGDLAKVQRAVCMLSNTTAIAEAWARLDHKFDLMYAKRAFVHWYVGEGMEEGEFSEAREDMAALEKDYEEVGVDSVEGEGEEEGEEY
P41351,MREVISIHVGQGGIQVGNACWELFCLEHGIQPDGQMPSDKTIGGGDDAFNTFFSETGAGKHVPRAVFLDLEPTVIDEVRTGTYRQLFHPEQLISGKEDAANNFARGHYTIGKEIVDLCLDRIRKLADNCTGLQGFLVFNSVGGGTGSGLGSLLLERLSVDYGKKSKLGFTIYPSPQVSTAVVEPYNSILSTHSLLEHTDVAVMLDNEAIYDICRRNLDIERPTYTNLNRLIAQVISSLTASLRFDGALNVDITEFQTNLVPYPRIHFMLSSYAPIISAEKAYHEQLSVAEITNSAFEPANMMAKCDPRHGKYMACSMMYRGDVVPKDVNASIATIKTKRTIQFVDWCPTGFKVGINYQPPTVVPGGDLAKVMRAVCMISNSTAIAEVFSRLDHKFDLMYAKRAFVHWYVGEGMEEGEFSEAREDLAALEKDYEEVGIETAEGEGEEEGY
P41383,MRECISVHIGQAGVQMGNACWELYCLEHGIQPDGQMPSDKTIGGGDDSFNTFFSETGAGKHVPRAVFVDLEPTVVDEVRTGTYRQLFHPEQLITGKEDAANNYARGHYTVGKEIIDLVLDRIRKLADQCTGLQGFLIFHSFGGGTGSGFSSLLMERLSVDYGKKSKLEFAIYPAPQISTAVVEPYNSILTTHTTLEHSDCAFMVDNEAIYDICRRNLDIERPTYTNLNRLIGQIVSSITASLRFDGALNVDLTEFQTNLVPYPRIHFPLATYAPVISAEKAYHEQLTVAEITNACFEPANQMVKCDPRHGKYMSCCMLYRGDVVPKDVNAAIATIKTKRTIQFVDWCPTGFKVGINYQPPTVVPGGDLAKVQRAVCMLSNTTAIAEAWARLDHKFDLMYAKRAFVHWYVGEGMEEGEFSEAREDLAALEKDYEEVGVDSVEGEGEEEGGEEY
P46259,MRECISIHIGQAGIQVGNACWELYCLEHGIQPDGQMPGDKTVGGGDDAFNTFFSETGAGKHVPRAVFVDLEPTVIDEVRTGAYRQLFHPEQLISGKEDAANNFARGHYTIGKEIVDLCLDRIRKLADNCTGLQGFLVFNAVGGGTGSGLGSLLLERLSVDYGKKSKLGFTVYPSPQVSTSVVEPYNSVLSTHSLLEHTDVAVLLDNEAIYDICRRSLDIERPTYTNLNRLVSQVISSLTASLRFDGALNVDVTEFQTNLVPYPRIHFMLSSYAPVISAEKAYHEQLSVAEITNSAFEPSSMMAKCDPRHGKYMACCLMYRGDVVPKDVNAAVATIKTKRTIQFVDWCPTGFKCGINYQPPTVVPGGDLAKVQRAVCMISNSTSVAEVFSRIDHKFDLMYAKRAFVHWYVGEGMEEGEFSEAREDLAALEKDYEEVGAESGDGDDDGLGEEEY
P50258,MREVISIHIGQAGTQVGNACWELYCLEHGIQPDGQMPSDKSVGYGDDAFNTFFSETGAGKHVPRAVFLDLEPTVIDEVRTGTYRQLFHPEQLITGKEDAANNYARGHYTIGKEIVDLCLDRVRKLADQCTGLQGFLVFHSVGGGTGSGFGSLLLERLSVDYGKKSKLDFCVYPSPQVSTAVVEPYNSVLSTHSLLEHTDVAFMLDNEAIYDICKRALDIDRPTYTNLNRLVAQVISSLTTSLRFDGALNVDITEFQTNLVPYPRIHFMLCSYAPVISAEKAYHEQLTVAEITNSVFEPANMMAKCDPRHGKYMACCLMYRGDVVPKDVNASVAVIKTKRTIQFVDWCPTGFKCGINYQPPTVVPGGDLAKVQRAVCMLSNTTAIAEVFSRIDHKFDLMYAKRAFVHWYVGEGMEEGEFSEAREDLAALEKDYEEVGAESSEAGGDEEGEY
P68360,MRECISIHVGQAGVQIGNACWELYCLEHGIQPDGQMPSDKTIGGGDDSFNTFFSETGAGKHVPRAVFVDLEPTVIDEVRTGTYRQLFHPEQLITGKEDAANNYARGHYTIGKEIIDLVLDRIRKLADQCTGLQGFLVFHSFGGGTGSGFTSLLMERLSVDYGKKSKLEFSIYPAPQVSTAVVEPYNSILTTHTTLEHSDCAFMVDNEAIYDICRRNLDIERPTYTNLNRLISQIVSSITASLRFDGALNVDLTEFQTNLVPYPRIHFPLATYAPVISAEKAYHEQLSVAEITNACFEPANQMVKCDPRHGKYMACCLLYRGDVVPKDVNAAIATIKTKRSIQFVDWCPTGFKVGINYQPPTVVPGGDLAKVQRAVCMLSNTTAIAEAWARLDHKFDLMYAKRAFVHWYVGEGMEEGEFSEAREDMAALEKDYEEVGVDSVEGEGEEEGEEY
P68361,MRECISIHVGQAGVQIGNACWELYCLEHGIQPDGQMPSDKTIGGGDDSFNTFFSETGAGKHVPRAVFVDLEPTVIDEVRTGTYRQLFHPEQLITGKEDAANNYARGHYTIGKEIIDLVLDRIRKLADQCTGLQGFLVFHSFGGGTGSGFTSLLMERLSVDYGKKSKLEFSIYPAPQVSTAVVEPYNSILTTHTTLEHSDCAFMVDNEAIYDICRRNLDIERPTYTNLNRLISQIVSSITASLRFDGALNVDLTEFQTNLVPYPRIHFPLATYAPVISAEKAYHEQLSVAEITNACFEPANQMVKCDPRHGKYMACCLLYRGDVVPKDVNAAIATIKTKRSIQFVDWCPTGFKVGINYQPPTVVPGGDLAKVQRAVCMLSNTTAIAEAWARLDHKFDLMYAKRAFVHWYVGEGMEEGEFSEAREDMAALEKDYEEVGVDSVEGEGEEEGEEY
P68362,MRECISIHVGQAGVQIGNACWELYCLEHGIQPDGQMPSDKTIGGGDDSFNTFFSETGAGKHVPRAVFVDLEPTVIDEVRTGTYRQLFHPEQLITGKEDAANNYARGHYTIGKEIIDLVLDRIRKLADQCTGLQGFLVFHSFGGGTGSGFTSLLMERLSVDYGKKSKLEFSIYPAPQVSTAVVEPYNSILTTHTTLEHSDCAFMVDNEAIYDICRRNLDIERPTYTNLNRLIGQIVSSITASLRFDGALNVDLTEFQTNLVPYPRIHFPLATYAPVISAEKAYHEQLSVAEITNACFEPANQMVKCDPRHGKYMACCLLYRGDVVPKDVNAAIATIKTKRTIQFVDWCPTGFKVGINYQPPTVVPGGDLAKVQRAVCMLSNTTAIAEAWARLDHKFDLMYAKRAFVHWYVGEGMEEGEFSEAREDMAALEKDYEEVGVDSVEGEGEEEGEEY
P68363,MRECISIHVGQAGVQIGNACWELYCLEHGIQPDGQMPSDKTIGGGDDSFNTFFSETGAGKHVPRAVFVDLEPTVIDEVRTGTYRQLFHPEQLITGKEDAANNYARGHYTIGKEIIDLVLDRIRKLADQCTGLQGFLVFHSFGGGTGSGFTSLLMERLSVDYGKKSKLEFSIYPAPQVSTAVVEPYNSILTTHTTLEHSDCAFMVDNEAIYDICRRNLDIERPTYTNLNRLISQIVSSITASLRFDGALNVDLTEFQTNLVPYPRIHFPLATYAPVISAEKAYHEQLSVAEITNACFEPANQMVKCDPRHGKYMACCLLYRGDVVPKDVNAAIATIKTKRSIQFVDWCPTGFKVGINYQPPTVVPGGDLAKVQRAVCMLSNTTAIAEAWARLDHKFDLMYAKRAFVHWYVGEGMEEGEFSEAREDMAALEKDYEEVGVDSVEGEGEEEGEEY
P68365,MRECISIHVGQAGVQIGNACWELYCLEHGIQPDGQMPSDKTIGGGDDSFNTFFSETGAGKHVPRAVFVDLEPTVIDEVRTGTYRQLFHPEQLITGKEDAANNYARGHYTIGKEIIDLVLDRIRKLADQCTGLQGFLVFHSFGGGTGSGFTSLLMERLSVDYGKKSKLEFSIYPAPQVSTAVVEPYNSILTTHTTLEHSDCAFMVDNEAIYDICRRNLDIERPTYTNLNRLISQIVSSITASLRFDGALNVDLTEFQTNLVPYPRIHFPLATYAPVISAEKAYHEQLTVAEITNACFEPANQMVKCDPRHGKYMACCLLYRGDVVPKDVNAAIATIKTKRTIQFVDWCPTGFKVGINYQPPTVVPGGDLAKVQRAVCMLSNTTAIAEAWARLDHKFDLMYAKRAFVHWYVGEGMEEGEFSEAREDMAALEKDYEEVGADSAEGDDEGEEY
P68366,MRECISVHVGQAGVQMGNACWELYCLEHGIQPDGQMPSDKTIGGGDDSFTTFFCETGAGKHVPRAVFVDLEPTVIDEIRNGPYRQLFHPEQLITGKEDAANNYARGHYTIGKEIIDPVLDRIRKLSDQCTGLQGFLVFHSFGGGTGSGFTSLLMERLSVDYGKKSKLEFSIYPAPQVSTAVVEPYNSILTTHTTLEHSDCAFMVDNEAIYDICRRNLDIERPTYTNLNRLISQIVSSITASLRFDGALNVDLTEFQTNLVPYPRIHFPLATYAPVISAEKAYHEQLSVAEITNACFEPANQMVKCDPRHGKYMACCLLYRGDVVPKDVNAAIAAIKTKRSIQFVDWCPTGFKVGINYQPPTVVPGGDLAKVQRAVCMLSNTTAIAEAWARLDHKFDLMYAKRAFVHWYVGEGMEEGEFSEAREDMAALEKDYEEVGIDSYEDEDEGEE
P68368,MRECISVHVGQAGVQMGNACWELYCLEHGIQPDGQMPSDKTIGGGDDSFTTFFCETGAGKHVPRAVFVDLEPTVIDEIRNGPYRQLFHPEQLITGKEDAANNYARGHYTIGKEIIDPVLDRIRKLSDQCTGLQGFLVFHSFGGGTGSGFTSLLMERLSVDYGKKSKLEFSIYPAPQVSTAVVEPYNSILTTHTTLEHSDCAFMVDNEAIYDICRRNLDIERPTYTNLNRLISQIVSSITASLRFDGALNVDLTEFQTNLVPYPRIHFPLATYAPVISAEKAYHEQLSVAEITNACFEPANQMVKCDPRHGKYMACCLLYRGDVVPKDVNAAIAAIKTKRSIQFVDWCPTGFKVGINYQPPTVVPGGDLAKVQRAVCMLSNTTAIAEAWARLDHKFDLMYAKRAFVHWYVGEGMEEGEFSEAREDMAALEKDYEEVGIDSYEDEDEGEE
P68369,MRECISIHVGQAGVQIGNACWELYCLEHGIQPDGQMPSDKTIGGGDDSFNTFFSETGAGKHVPRAVFVDLEPTVIDEVRTGTYRQLFHPEQLITGKEDAANNYARGHYTIGKEIIDLVLDRIRKLADQCTGLQGFLVFHSFGGGTGSGFTSLLMERLSVDYGKKSKLEFSIYPAPQVSTAVVEPYNSILTTHTTLEHSDCAFMVDNEAIYDICRRNLDIERPTYTNLNRLIGQIVSSITASLRFDGALNVDLTEFQTNLVPYPRIHFPLATYAPVISAEKAYHEQLSVAEITNACFEPANQMVKCDPRHGKYMACCLLYRGDVVPKDVNAAIATIKTKRTIQFVDWCPTGFKVGINYQPPTVVPGGDLAKVQRAVCMLSNTTAIAEAWARLDHKFDLMYAKRAFVHWYVGEGMEEGEFSEAREDMAALEKDYEEVGVDSVEGEGEEEGEEY
P68370,MRECISIHVGQAGVQIGNACWELYCLEHGIQPDGQMPSDKTIGGGDDSFNTFFSETGAGKHVPRAVFVDLEPTVIDEVRTGTYRQLFHPEQLITGKEDAANNYARGHYTIGKEIIDLVLDRIRKLADQCTGLQGFLVFHSFGGGTGSGFTSLLMERLSVDYGKKSKLEFSIYPAPQVSTAVVEPYNSILTTHTTLEHSDCAFMVDNEAIYDICRRNLDIERPTYTNLNRLIGQIVSSITASLRFDGALNVDLTEFQTNLVPYPRIHFPLATYAPVISAEKAYHEQLSVAEITNACFEPANQMVKCDPRHGKYMACCLLYRGDVVPKDVNAAIATIKTKRTIQFVDWCPTGFKVGINYQPPTVVPGGDLAKVQRAVCMLSNTTAIAEAWARLDHKFDLMYAKRAFVHWYVGEGMEEGEFSEAREDMAALEKDYEEVGVDSVEGEGEEEGEEY
P68373,MRECISIHVGQAGVQIGNACWELYCLEHGIQPDGQMPSDKTIGGGDDSFNTFFSETGAGKHVPRAVFVDLEPTVIDEVRTGTYRQLFHPEQLITGKEDAANNYARGHYTIGKEIIDLVLDRIRKLADQCTGLQGFLVFHSFGGGTGSGFTSLLMERLSVDYGKKSKLEFSIYPAPQVSTAVVEPYNSILTTHTTLEHSDCAFMVDNEAIYDICRRNLDIERPTYTNLNRLISQIVSSITASLRFDGALNVDLTEFQTNLVPYPRIHFPLATYAPVISAEKAYHEQLTVAEITNACFEPANQMVKCDPRHGKYMACCLLYRGDVVPKDVNAAIATIKTKRTIQFVDWCPTGFKVGINYQPPTVVPGGDLAKVQRAVCMLSNTTAIAEAWARLDHKFDLMYAKRAFVHWYVGEGMEEGEFSEAREDMAALEKDYEEVGADSAEGDDEGEEY
P81947,MRECISIHVGQAGVQIGNACWELYCLEHGIQPDGQMPSDKTIGGGDDSFNTFFSETGAGKHVPRAVFVDLEPTVIDEVRTGTYRQLFHPEQLITGKEDAANNYARGHYTIGKEIIDLVLDRIRKLADQCTGLQGFLVFHSFGGGTGSGFTSLLMERLSVDYGKKSKLEFSIYPAPQVSTAVVEPYNSILTTHTTLEHSDCAFMVDNEAIYDICRRNLDIERPTYTNLNRLISQIVSSITASLRFDGALNVDLTEFQTNLVPYPRIHFPLATYAPVISAEKAYHEQLSVAEITNACFEPANQMVKCDPRHGKYMACCLLYRGDVVPKDVNAAIATIKTKRSIQFVDWCPTGFKVGINYQPPTVVPGGDLAKVQRAVCMLSNTTAIAEAWARLDHKFDLMYAKRAFVHWYVGEGMEEGEFSEAREDMAALEKDYEEVGVDSVEGEGEEEGEEY
P81948,MRECISVHVGQAGVQMGNACWELYCLEHGIQPDGQMPSDKTIGGGDDSFTTFFCETGAGKHVPRAVFVDLEPTVIDEIRNGPYRQLFHPEQLITGKEDAANNYARGHYTIGKEIIDPVLDRIRKLSDQCTGLQGFLVFHSFGGGTGSGFTSLLMERLSVDYGKKSKLEFSIYPAPQVSTAVVEPYNSILTTHTTLEHSDCAFMVDNEAIYDICRRNLDIERPTYTNLNRLISQIVSSITASLRFDGALNVDLTEFQTNLVPYPRIHFPLATYAPVISAEKAYHEQLSVAEITNACFEPANQMVKCDPRHGKYMACCLLYRGDVVPKDVNAAIAAIKTKRSIQFVDWCPTGFKVGINYQPPTVVPGGDLAKVQRAVCMLSNTTAIAEAWARLDHKFDLMYAKRAFVHWYVGEGMEEGEFSEAREDMAALEKDYEEVGIDSYEDEDEGEE
P87066,MREVISINVGQAGCQIGNACWELYSQEHGIRPDGYLQEGLDRPKGGEEGFSTFFSETGSGKYVPRALYVDLEPNVIDEVRTGVYKDLFHPEQLIAGKEDAANNYARGHYTVGREILDDILDRVRRMSDQCDGLQGFLFTHSLGGGTGSGLGSLLLEQLSLDYGKKSKLEFAVYPAPQVSTSVVEPYNTVLTTHTTLEHADCTFMVDNEAIYDMCRRNLDIARPNFSSLNNLIAQVVSSVTASLRFDGSLNVDLNEFQTNLVPYPRIHFPLVSYAPVFSKSRATHEANSVSEITQSCFEPGNQMVKCDPRTGKYMATCLLYRGDVVTRDVQNAVAQVKSKKTVQLVDWCPTGFKIGICYQPPTAIKGSELASASRAVCMLSNTTAIAEAWRRIDRKFDLMYSKRAFVHWYVGEGMEEGEFTEAREDLAALERDYIEVGTDSFPEEEEEY
P91910,MREVISIHIGQAGVQIGNACWELYCLEHGIQPDGQMPSDKSLGGSDDSFSTFFSETGSGRHVPRAVMVDLEPTVIDEIRTGTYRSLFHPEQLITGKEDAANNYARGHYTIGKEIIDLTLDRIRRLADNCTGLQGFLVFHSFGGGTGSGFTSLLMERLSVDYGKKAKLEFSIYPAPQVSTAVVEPYNSILTTHTTLEHSDCSFMVDNEAIYDICRRNLDIERPSYTNLNRLIGQIVSSITASLRFDGALNVDLTEFQTNLVPYPRIHFPLATFSPVISAEKAYHEQLSVAEITNMCFEPHNQMVKCDPRHGKYMAVCLLFRGDVVPKDVNAAIATIKTKRSIQFVDWCPTGFKVGINYQPPTVVPGGDLAKVPRAVCMLSNTTAIAEAWARLDHKFDLMYAKRAFVHWYVGEGMEEGEFSEAREDLAALEKDYEEVGVDSMEDNGEEGDEY
Q0WV25,MRECISIHIGQAGIQVGNACWELYCLEHGIQPDGQMPSDKTVGGGDDAFNTFFSETGAGKHVPRAVFVDLEPTVIDEVRTGTYRQLFHPEQLISGKEDAANNFARGHYTIGKEIVDLCLDRIRKLADNCTGLQGFLVFNAVGGGTGSGLGSLLLERLSVDYGKKSKLGFTVYPSPQVSTSVVEPYNSVLSTHSLLEHTDVSILLDNEAIYDICRRSLSIERPTYTNLNRLVSQVISSLTASLRFDGALNVDVTEFQTNLVPYPRIHFMLSSYAPVISAEKAFHEQLSVAEITNSAFEPASMMAKCDPRHGKYMACCLMYRGDVVPKDVNAAVGTIKTKRTIQFVDWCPTGFKCGINYQPPTVVPGGDLAKVQRAVCMISNSTSVAEVFSRIDHKFDLMYAKRAFVHWYVGEGMEEGEFSEAREDLAALEKDYEEVGAEGGDDEDDEGEEY
Q28IX8,MRECISVHVGQAGVQMGNACWELYCLEHGIQPDGQMPSDKTIGGGDDSFTTFFSETGAGKHVPRAVFVDLEPTVIDEVRAGTYRQLFHPEQLITGKEDAANNYARGHYTIGKEIIDPVLDRIRKLADQCTGLQGFLVFHSFGGGTGSGFTSLLMERLSVDYGKKSKLEFSIYPAPQVSTAVVEPYNSILTTHTTLEHSDCAFMVDNEAIYDICRRNLDIERPTYTNLNRLISQIVSSITASLRFDGALNVDLTEFQTNLVPYPRIHFPLATYAPVISAEKAYHEQLSVSEITNACFEPANQMVKCDPRHGKYMACCLLYRGDVVPKDVNAAIAAIKTKRTIQFVDWCPTGFKVGINYQPPTAVPGGDLAKVQRAVCMLSNTTAIAEAWARLDHKFDLMYAKRAFVHWYVGEGMEEGEFSEAREDMAALEKDYEEVGIDSYEDEDEGEEY
Q2HJ86,MRECISVHVGQAGVQIGNACWELYCLEHGIQPDGQMPSDKTIGGGDDSFNTFFSETGAGKHVPRAVFVDLEPTVIDEVRTGTYRQLFHPEQLITGKEDAANNYARGHYTIGKELIDLVLDRIRKLADQCTGLQGFLIFHSFGGGTGSGFTSLLMERLSVDYGKKSKLEFSIYPAPQVSTAVVEPYNSILTTHTTLEHSDCAFMVDNEAIYDICRRNLDIERPTYTNLNRLIGQIVSSITASLRFDGALNVDLTEFQTNLVPYPRIHFPLATYAPVISAEKAYHEQLSVAEITNACFEPANQMVKCDPRHGKYMACCLLYRGDVVPKDVNAAIATIKTKRTIQFVDWCPTGFKVGINYQPPTVVPGGDLAKVQRAVCMLSNTTAIAEAWARLDHKFDLMYAKRAFVHWYVGEGMEEGEFSEAREDMAALEKDYEEVGMDSVEGEGEEEEGDEY
Q2XVP4,MRECISIHVGQAGVQIGNACWELYCLEHGIQPDGQMPSDKTIGGGDDSFNTFFSETGAGKHVPRAVFVDLEPTVIDEVRTGTYRQLFHPEQLITGKEDAANNYARGHYTIGKEIIDLVLDRIRKLADQCTGLQGFLVFHSFGGGTGSGFTSLLMERLSVDYGKKSKLEFSIYPAPQVSTAVVEPYNSILTTHTTLEHSDCAFMVDNEAIYDICRRNLDIERPTYTNLNRLISQIVSSITASLRFDGALNVDLTEFQTNLVPYPRIHFPLATYAPVISAEKAYHEQLSVAEITNACFEPANQMVKCDPRHGKYMACCLLYRGDVVPKDVNAAIATIKTKRSIQFVDWCPTGFKVGINYQPPTVVPGGDLAKVQRAVCMLSNTTAIAEAWARLDHKFDLMYAKRAFVHWYVGEGMEEGEFSEAREDMAALEKDYEEVGVDSVEGEGEEEGEEY
Q32KN8,MRECISIHVGQAGVQIGNACWELYCLEHGIQPDGQMPSDKTIGGGDDSFNTFFSETGAGKHVPRAVFVDLEPTVVDEVRTGTYRQLFHPEQLITGKEDAANNYARGHYTIGKEIVDLVLDRIRKLADLCTGLQGFLIFHSFGGGTGSGFASLLMERLSVDYGKKSKLEFAIYPAPQVSTAVVEPYNSILTTHTTLEHSDCAFMVDNEAIYDICRRNLDIERPTYTNLNRLIGQIVSSITASLRFDGALNVDLTEFQTNLVPYPRIHFPLATYAPVISAEKAYHEQLSVAEITNACFEPANQMVKCDPRHGKYMACCMLYRGDVVPKDVNAAIATIKTKRTIQFVDWCPTGFKVGINYQPPTVVPGGDLAKVQRAVCMLSNTTAIAEAWARLDHKLDLMYAKRAFVHWYVGEGMEEGEFSEAREDLAALEKDYEEVGVDSVEAEAEEGEEY
Q3ZCJ7,MRECISIHVGQAGVQIGNACWELYCLEHGIQPDGQMPSDKTIGGGDDSFNTFFSETGAGKHVPRAVFVDLEPTVIDEVRTGTYRQLFHPEQLISGKEDAANNYARGHYTIGKEIIDLVLDRVRKLADQCTGLQGFLVFHSFGGGTGSGFTSLLMERLSVDYGKKSKLEFSIYPAPQVSTAVVEPYNSILTTHTTLEHSDCAFMVDNEAIYDICRRNLDIERPTYTNLNRLMSQIVSSITASLRFDGALNVDLTEFQTNLVPYPRIHFPLATYAPVISAEKAYHEQLSVAEITNACFEPANQMVKCDPRHGKYMACCLLYRGDVVPKDVNAAIATIKTKRTIQFVDWCPTGFKVGINYQPPTVVPGGDLAKVQRAVCMLSNTTAVAEAWARLDHKFDLMYAKRAFVHWYVGEGMEEGEFSEAREDMAALEKDYEEVGADSAEGDDEGDEY
Q40832,MRECISIHIGQAGIQTGNACWELYCLEHGIQPDGQMPSDKTIGGGDDAFNTFFSETGAGKHVPRAVYVDLEPTVCDEVRTGTYRQLYHPEQIISGKEDAANNYARGHYTIGKEIVDLVLDRIRKLADNCTGLQGFLVFHATGGGTGSGLGSLLLERLSVDYGRKSKLSFAITPAPQVATAVVEPYNSVLSTHALLEHTDCTFCLDNEALYDVCRRNLDIERPTYTNLNRLVAQVISSLTASLRFDGALNVDVTEFQTNLVPYPRIHFMLTSYAPIISAEKAYHEQLSVAEITNSVFEPAGMMTNCDPRHGKYMACCLMYRGDVVPKDVNAAVATIKTKRTIQFVDWCPTGFKCGINYQPPTVVPGGDLARVQRAVCMVANTTAIAEALSRIDHKFDLMYAKRAFVHWYVGEGMEEGEFSEAREDLAALEKDYEEVGAETAEGEGEEEDFGEEY
Q4R538,MRECISIHVGQAGVQIGNACWELYCLEHGIQPDGQMPSDKTIGGGDDSFNTFFSETGAGKHVPRAVFVDLEPTVIDEVRTGTYRQLFHPEQLITGKEDAANNYARGHYTIGKEIIDLVLDRIRKLADQCTGLQGFLVFHSFGGGTGSGFTSLLMERLSVDYGKKSKLEFSIYPAPQVSTAVVEPYNSILTTHTTLEHSDCAFMVDNEAIYDICRRNLDIERPTYTNLNRLISQIVSSITASLRFDGALNVDLTEFQTNLVPYPRIHFPLATYAPVISAEKAYHEQLSVAEITNACFEPANQMVKCDPRHGKYMACCLLYRGDVVPKDVNAAIATIKTKRSIQFVDWCPTGFKVGINYQPPTVVPGGDLAKVQRAVCMLSNTTAIAEAWARLDHKFDLMYAKRAFVHWYVGEGMEEGEFSEAREDMAALEKDYEEVGVDSVEGEGEEEGEEY
Q56WH1,MREIISIHIGQAGIQVGNSCWELYCLEHGIQPDGMMPSDTTVGVAHDAFNTFFSETGAGKHVPRAVFVDLEPTVIDEVRTGTYRQLFHPEQLISGKEDAANNFARGHYTVGKEIVDLCLDRVRKLADNCTGLQGFLVFNAVGGGTGSGLGSLLLERLSVDYGKKSKLGFTIYPSPQVSTAVVEPYNSVLSTHSLLEHTDVAVLLDNEAIYDICRRSLDIERPTYTNLNRLISQIISSLTTSLRFDGAINVDITEFQTNLVPYPRIHFMLSSYAPVISAAKAYHEQLSVPEITNAVFEPASMMAKCDPRHGKYMACCLMYRGDVVPKDVNAAVGTIKTKRTVQFVDWCPTGFKCGINYQPPTVVPGGDLAKVQRAVCMISNNTAVAEVFSRIDHKFDLMYAKRAFVHWYVGEGMEEGEFSEAREDLAALEKDYEEVGAEGGDDEEDEGEDY
Q5R1W4,MRECISIHVGQAGVQIGNACWELYCLEHGIQPDGQMPSDKTIGGGDDSFNTFFSETGAGKHVPRAVFVDLEPTVIDEVRTGTYRQLFHPEQLITGKEDAANNYARGHYTIGKEIIDLVLDRIRKLADQCTGLQGFLVFHSFGGGTGSGFTSLLMERLSVDYGKKSKLEFSIYPAPQVSTAVVEPYNSILTTHTTLEHSDCAFMVDNEAIYDICRRNLDIERPTYTNLNRLISQIVSSITASLRFDGALNVDLTEFQTNLVPYPRIHFPLATYAPVISAEKAYHEQLSVAEITNACFEPANQMVKCDPRHGKYMACCLLYRGDVVPKDVNAAIATIKTKRSIQFVDWCPTGFKVGINYQPPTVVPGGDLAKVQRAVCMLSNTTAIAEAWARLDHKFVLMYAKRAFVHWYVGEGMEEGEFSEAREDMAALEKDYEEVGVDSVEGEGEEEGEEY
Q5XIF6,MRECISVHVGQAGVQMGNACWELYCLEHGIQPDGQMPSDKTIGGGDDSFTTFFCETGAGKHVPRAVFVDLEPTVIDEIRNGPYRQLFHPEQLITGKEDAANNYARGHYTIGKEIIDPVLDRIRKLSDQCTGLQGFLVFHSFGGGTGSGFTSLLMERLSVDYGKKSKLEFSIYPAPQVSTAVVEPYNSILTTHTTLEHSDCAFMVDNEAIYDICRRNLDIERPTYTNLNRLISQIVSSITASLRFDGALNVDLTEFQTNLVPYPRIHFPLATYAPVISAEKAYHEQLSVAEITNACFEPANQMVKCDPRHGKYMACCLLYRGDVVPKDVNAAIAAIKTKRSIQFVDWCPTGFKVGINYQPPTVVPGGDLAKVQRAVCMLSNTTAIAEAWARLDHKFDLMYAKRAFVHWYVGEGMEEGEFSEAREDMAALEKDYEEVGIDSYEDEDEGEE
Q68FR8,MRECISIHVGQAGVQIGNACWELYCLEHGIQPDGQMPSDKTIGGGDDSFNTFFSETGAGKHVPRAVFVDLEPTVVDEVRTGTYRQLFHPEQLITGKEDAANNYARGHYTIGKEIVDLVLDRIRKLADLCTGLQGFLIFHSFGGGTGSGFASLLMERLSVDYGKKSKLEFAIYPAPQVSTAVVEPYNSILTTHTTLEHSDCAFMVDNEAIYDICRRNLDIERPTYTNLNRLIGQIVSSITASLRFDGALNVDLTEFQTNLVPYPRIHFPLATYAPVISAEKAYHEQLSVAEITNACFEPANQMVKCDPRHGKYMACCMLYRGDVVPKDVNAAIATIKTKRTIQFVDWCPTGFKVGINYQPPTVVPGGDLAKVQRAVCMLSNTTAIAEAWARLDHKFDLMYAKRAFVHWYVGEGMEEGEFSEAREDLAALEKDYEEVGVDSVEAEAEEGEEY
Q6AY56,MRECISVHVGQAGVQIGNACWELFCLEHGIQADGTFGTQASKINDDDSFTTFFSETGNGKHVPRAVMVDLEPTVVDEVRAGTYRQLFHPEQLITGKEDAANNYARGHYTVGKESIDLVLDRIRKLTDACSGLQGFLIFHSFGGGTGSGFTSLLMERLSLDYGKKSKLEFAIYPAPQVSTAVVEPYNSILTTHTTLEHSDCAFMVDNEAIYDICRRNLDIERPTYTNLNRLISQIVSSITASLRFDGALNVDLTEFQTNLVPYPRIHFPLVTYAPIVSAEKAYHEQLSVAEITSSCFEPNSQMVKCDPRHGKYMACCMLYRGDVVPKDVNVAIAAIKTKRTIQFVDWCPTGFKVGINYQPPTVVPGGDLAKVQRAVCMLSNTTAIAEAWARLDHKFDLMYAKRAFVHWYVGEGMEEGEFSEAREDLAALEKDYEEVGTDSFEEENEGEEF
Q6AYZ1,MRECISIHVGQAGVQIGNACWELYCLEHGIQPDGQMPSDKTIGGGDDSFNTFFSETGAGKHVPRAVFVDLEPTVIDEVRTGTYRQLFHPEQLITGKEDAANNYARGHYTIGKEIIDLVLDRIRKLADQCTGLQGFLVFHSFGGGTGSGFTSLLMERLSVDYGKKSKLEFSIYPAPQVSTAVVEPYNSILTTHTTLEHSDCAFMVDNEAIYDICRRNLDIERPTYTNLNRLISQIVSSITASLRFDGALNVDLTEFQTNLVPYPRIHFPLATYAPVISAEKAYHEQLTVAEITNACFEPANQMVKCDPRHGKYMACCLLYRGDVVPKDVNAAIATIKTKRTIQFVDWCPTGFKVGINYQPPTVVPGGDLARVQRAVCMLSNTTAIAEAWARLDHKFDLMYAKRAFVHWYVGEGMEEGEFSEAREDMAALEKDYEEVGADSAEGDDEGEEY
Q6P9V9,MRECISIHVGQAGVQIGNACWELYCLEHGIQPDGQMPSDKTIGGGDDSFNTFFSETGAGKHVPRAVFVDLEPTVIDEVRTGTYRQLFHPEQLITGKEDAANNYARGHYTIGKEIIDLVLDRIRKLADQCTGLQGFLVFHSFGGGTGSGFTSLLMERLSVDYGKKSKLEFSIYPAPQVSTAVVEPYNSILTTHTTLEHSDCAFMVDNEAIYDICRRNLDIERPTYTNLNRLISQIVSSITASLRFDGALNVDLTEFQTNLVPYPRIHFPLATYAPVISAEKAYHEQLSVAEITNACFEPANQMVKCDPRHGKYMACCLLYRGDVVPKDVNAAIATIKTKRSIQFVDWCPTGFKVGINYQPPTVVPGGDLAKVQRAVCMLSNTTAIAEAWARLDHKFDLMYAKRAFVHWYVGEGMEEGEFSEAREDMAALEKDYEEVGVDSVEGEGEEEGEEY
Q6PEY2,MRECISIHVGQAGVQIGNACWELYCLEHGIQPDGQMPSDKTIGGGDDSFNTFFSETGAGKHVPRAVFVDLEPTVVDEVRTGTYRQLFHPEQLITGKEDAASNYARGHYTIGKEIVDLVLDRIRKLADLCTGLQGFLIFHSFGGGTGSGFASLLMERLSVDYSKKSKLEFAIYPAPQVSTAVVEPYNSILTTHTTLEHSDCAFMVDNEAIYDICRRNLDIERPTYTNLNRLIGQIVSSITASLRFDGALNVDLTEFQTNLVPYPRIHFPLATYAPVISAEKAYHEQLSVAEITNACFEPANQMVKCDPRHGKYMACCMLYRGDVVPKDVNAAIATIKTKRTIQFVDWCPTGFKVGINYQPPTVVPGGDLAKVQRAVCMLSNTTAIAEAWARLVHKFDLMYAKWAFVHWYVGEGMEEGEFSEAREDLAALEKDCEEVGVDSVEAEAEEGEAY
Q71U36,MRECISIHVGQAGVQIGNACWELYCLEHGIQPDGQMPSDKTIGGGDDSFNTFFSETGAGKHVPRAVFVDLEPTVIDEVRTGTYRQLFHPEQLITGKEDAANNYARGHYTIGKEIIDLVLDRIRKLADQCTGLQGFLVFHSFGGGTGSGFTSLLMERLSVDYGKKSKLEFSIYPAPQVSTAVVEPYNSILTTHTTLEHSDCAFMVDNEAIYDICRRNLDIERPTYTNLNRLIGQIVSSITASLRFDGALNVDLTEFQTNLVPYPRIHFPLATYAPVISAEKAYHEQLSVAEITNACFEPANQMVKCDPRHGKYMACCLLYRGDVVPKDVNAAIATIKTKRTIQFVDWCPTGFKVGINYQPPTVVPGGDLAKVQRAVCMLSNTTAIAEAWARLDHKFDLMYAKRAFVHWYVGEGMEEGEFSEAREDMAALEKDYEEVGVDSVEGEGEEEGEEY
Q91060,MRECISVHVGQAGVQMGNACWELYCLEHGIQPDGQMPSDKTIGGGDDSFNTFFSETGAGKHVPRAIFVDLEPSVIDEVRTGTYRQLFHPEQLISGKEDAANNYARGHYTIGKEIIDQVLDRMRKLADQCTGLQGFLVFHSFGGGTGSGFTSLLMERLSVDYGKKSKLEFAIYPAPQVSTAVVEPYNSILTTHTTLEHSDCAFMVDNEAIYDICRRNLDIERPSYTNLNRLISQIVSSITASLRFDGALNVDLTEFQTNLVPYPRIHFPLATYAPVISAEKAYHEQLSVAEITNACFEPANQMVKCDPRHGKYMACCLLYRGDVVPKDVNAAIAAIKTKRSIQFVDWCPTGFKVGINYQPPTAVPGGDLAKVQRAVCMLSNTTAIAEAWARLDHKFDLMYAKRAFVHWYVGEGMEEGEFSEAREDMAALEKDYEEVGLDSYEGEEDEGEEY
Q94570,MRECISIHVGQAGVQMGNSCWELYCLEHGIQPDGQMPSDKTVGVCNDSFNTFFTETGSGKHVPRAVFVDLEPSVIDEVRSGIYRQLFHPEQLISGKEDAANNYARGHYTIGKEYVDIVLDRIRKLADQCTGLQGFLIFRSFGGGTGSGFASLLMERLSVEYGKKSKLEIAIYPAPQSATSVVEPYNSILTTHTTLEHSDCCFMVDNEAIFDICQRNLDVSRPTYTNLNRLIGQIVSSITASLRFEGALNVDLTEFQTNLVPYPRIHFPLTTYSPIISAEKAYHEQLSVGEITSACFEPANQMVKCDPRHGKYMACCLLYRGDVVPKDVTASIANVKTKRTIQFVDWCPTGFKVGINYQPPTVVPGADLAKVSRAVCMLSNTTAIAEAWARLDHKVDLMYAKRAFVHWYVGEGMEERQFSEAREDLATLEKDYEEVGIDTADGEDDEEANDY
Q9BQE3,MRECISIHVGQAGVQIGNACWELYCLEHGIQPDGQMPSDKTIGGGDDSFNTFFSETGAGKHVPRAVFVDLEPTVIDEVRTGTYRQLFHPEQLITGKEDAANNYARGHYTIGKEIIDLVLDRIRKLADQCTGLQGFLVFHSFGGGTGSGFTSLLMERLSVDYGKKSKLEFSIYPAPQVSTAVVEPYNSILTTHTTLEHSDCAFMVDNEAIYDICRRNLDIERPTYTNLNRLISQIVSSITASLRFDGALNVDLTEFQTNLVPYPRIHFPLATYAPVISAEKAYHEQLTVAEITNACFEPANQMVKCDPRHGKYMACCLLYRGDVVPKDVNAAIATIKTKRTIQFVDWCPTGFKVGINYQPPTVVPGGDLAKVQRAVCMLSNTTAVAEAWARLDHKFDLMYAKRAFVHWYVGEGMEEGEFSEAREDMAALEKDYEEVGADSADGEDEGEEY
Q9FT36,MRECISVHIGQAGIQIGNACWELYCLEHGIQPNGQMPSDKTVGGGDDAFNTFFSETGAGKHVPRAIFVDLEPTVIDEVRTGTYRQLFHPEQLISGKEDAANNFARGHYTIGKEIVDLCLDRIRKLADNCTGLQGFLVFNAVGGGTGSGLGSLLLERLSVDYGKKSKLGFTVYPSPQISTSVVEPYNSVLSTHSLLEHTDVSVLLDNEAIYDICKRSLDIERPTYTNLNRLVSQVISSLTASLRFDGALNVDVTEFQTNLVPYPRIHFMLSSYAPVISAEKAYHEQLSVAEITNSAFEPSSMMAKCDPRHGKYMACCLMYRGDVVPKDVNAAVGTIKTKRTIQFVDWCPTGFKCGINYQAPTVVPGGDLAKVQRAVCMISNSTSVAEVFSRIDTKFDLMYSKRAFVHWYVGEGMEEGEFSEAREDLAALEKDYEEVGAESAEGDDEDEGEDY
Q9JJZ2,MRECISVHVGQAGVQIGNACWELFCLEHGIQADGTFGTQASKINDDDSFTTFFSETGNGKHVPRAVMVDLEPTVVDEVRAGTYRQLFHPEQLITGKEDAANNYARGHYTVGKESIDLVLDRIRKLTDACSGLQGFLIFHSFGGGTGSGFTSLLMERLSLDYGKKSKLEFAIYPAPQVSTAVVEPYNSILTTHTTLEHSDCAFMVDNEAIYDICRRNLDIERPTYTNLNRLISQIVSSITASLRFDGALNVDLTEFQTNLVPYPRIHFPLVTYAPIISAEKAYHEQLSVAEITSSCFEPNSQMVKCDPRHGKYMACCMLYRGDVVPKDVNVAIAAIKTKRTIQFVDWCPTGFKVGINYQPPTVVPGGDLAKVQRAVCMLSNTTAIAEAWARLDHKFDLMYAKRAFVHWYVGEGMEEGEFSEAREDLAALEKDYEEVGTDSFEEENEGEEF
Q9NY65,MRECISVHVGQAGVQIGNACWELFCLEHGIQADGTFDAQASKINDDDSFTTFFSETGNGKHVPRAVMIDLEPTVVDEVRAGTYRQLFHPEQLITGKEDAANNYARGHYTVGKESIDLVLDRIRKLTDACSGLQGFLIFHSFGGGTGSGFTSLLMERLSLDYGKKSKLEFAIYPAPQVSTAVVEPYNSILTTHTTLEHSDCAFMVDNEAIYDICRRNLDIERPTYTNLNRLISQIVSSITASLRFDGALNVDLTEFQTNLVPYPRIHFPLVTYAPIISAEKAYHEQLSVAEITSSCFEPNSQMVKCDPRHGKYMACCMLYRGDVVPKDVNVAIAAIKTKRTIQFVDWCPTGFKVGINYQPPTVVPGGDLAKVQRAVCMLSNTTAIAEAWARLDHKFDLMYAKRAFVHWYVGEGMEEGEFSEAREDLAALEKDYEEVGTDSFEEENEGEEF
O22348,MREIISIHIGQAGIQVGNSCWELYCLEHGIQPDGLMPSDTSLGVARDAFNTFFSETGAGKHVPRALFVDLEPTVIDEVKTGPYRQLFHPEQLISYKEDAANNFARGHYTVGREIVDPCLDRIRKLADNCTGLQGFLVFNAVGGGTGSGLGSLLLERLSVDYGRKSKLGFTIYPSPQISTAVVEPYNSVLSTHSLIEHTDVVVLLDNEAIYDICKRSLDIERPTYTNLNRLISQVISSLTTSLRFDGAINVDITEFQTNLVPYPRIHFMLSSYAPIISVEKAYHEQHSVPEITNSVFESSSVMAKCDPRHGKYMACCLMYRGDVVPKDVNAAVHSIKTKRTVQFVDWCPTGFKCGINYQPPTVVPGGDLAKVQRAVCMISNNTAVAEVFSRIDRKFDLMYAKRAFVHWYVGEGMEEGEFSEAREDLAALEKDYEEVGAEVEEDDEEEY
O22349,MREIISIHIGQAGIQVGNACWELYCLEHGIEPDGTMPSDTSVGVAHDAFNTFFSETGSGKHVPRAIFVDLEPTVIDEVRTGSYRQLFHPEQLISGKEDAANNFARGHYTVGKEIVDLCLDRVRKLADNCTGLQGFLVFNAVGGGTGSGLGSLLLERLSVDYGKKSKLGFTIYPSPQVSTAVVEPYNSVLSTHSLLEHTDVAVLLDNEAIYDICRRSLDIERPTYTNLNRLISQIISSLTTSLRFDGAINVDVTEFQTNLVPYPRIHFMLSSYAPVISAEKAYHEQLSVPEITNAVFEPSSMMAKCDPRHGKYMACCLMYRGDVVPKDVNAAVATIKTKRTVQFVDWCPTGFKCGINYQPPSVVPGGDLAKVQRAVCMISNNTAVAEVFSRIDHKFDLMYAKRAFVHWYVGEGMEEGEFSEAREDLAALEKDYEEVGAEGADDEGDEGEDY
O94128,MREVISLNVGQAGCQIANSCWELYCLEHGIQPDGYLTEERKAAEDDDGFSTFFSETGNGKYVPRTIYADLEPNVVDEVRTGTYRSLFHPELMITGKEDASNNYARGHYTVGKELIDQVLDKVRHVADNCSGLQGFLVFHSFGGGTGSGFGALLMERLSVDYGKKCKLEFCVYPAPQVATSVVEPYNSILTTHTTLEHSDCSFMVDNEAIYDICRRNLGIERPNYENLNRLIAQVVSSITASLRFDGSLNVDLNEFQTNLVPYPRIHFPLVAYAPIVSAAKAAHEANSVQEISMSCFEPNSQMVKCDPRNGKYMATCLLYRGDVVPKDVHQAVATLKTKRTIQFVDWCPTGFKIGICYQPPQNVPNGDLAKVNRAVCMLSNTTAIAEAWSALSHKFDLMYSKRAFVHWYVGEGMEEGEFSEAREDLAALERDYEEVAADSAEGDEGGEAEY
P04106,MREAICIHIGQAGCQVGNACWELFCLEHGIQPDGAMPSDKTIGVEDDAFNTFFSETGAGKHVPRAVFLDLEPTVVDEVRTGTYRQLFHPEQLISGKEDAANNYARGHYTIGKEIVDLCLDRIRKLADNCTGLQGFLVYHAVGGGTGSGLGALLLERLSVDYGKKSKLGYTVYPSPQVSTAVVEPYNSVLSTHSLLEHTDVAAMLDNEAIYDLTRRNLDIERPTYTNLNRLIGQVVSSLTASLRFDGALNVDLTEFQTNLVPYPRIHFVLTSYAPVISAEKAYHEQLSVSEISNAVFEPASMMTKCDPRHGKYMACCLMYRGDVVPKDVNAAVATIKTKRTIQFVDWSPTGFKCGINYQPPTVVPGGDLAKVQRAVCMIANSTAIAEVFARIDHKFDLMYSKRAFVHWYVGEGMEEGEFSEAREDLAALEKDYEEVGAESADMDGEEDVEEY
P07304,MREVISIHVGQAGIQIGNACWELFCLEHGIQPDGQMPSDKTIGGGDDAFNTFFSETGAEKHVPRCVFLDLEPTVIDEVRTGTYRQLFHPEQLISGKEDAANNFARGHYTIGKEIVDLCLDRIRKLADQCTGLQGFLVFNSVGGGTGSGLGSLLLERLSVDYGKKSKLGFTVYPSPQVSTAVVEPYNSVLSTHSLLEHTDVAVMLDNEAVYDICRRNLDIERPTYTNLNRLIAQVISSLTASLRFDGALNVDVTEFQTNLVPYPSVIIRPSTPAEKAYHEQLSVAEITNSAFEPASMMAKCDPRHGKYMACCLMYRGDVVPKDVNAAVATIKTKRTIQFVDWCPTGFKCGINYQPPTVVPSGDPAKVMRAVCMISNSTAIAEVFSRIDHKFDLMYAKRAFVHWYVGEGMEEGEFSEVREDLAALEKDYEEVGIEIVEGEGEEEGME
P08070,MRECISVHIGQAGVQIGNACWELFCLEHSIQPDGTFSDPPSSDDSFATFFRETSMSKYVPRAIMVDLEPTVVDEVRTGTYRHLFHPEQLITGKEDAANNYARGHYTVGKDKVDMVSDRIRKLADSCSGLQGFLIFHSFGGGTGSGFTSLLMERLSVEYGKKSKLEFAIYPAPQASSAVVEPYNSVLTTHTTLEHSDCVFMVDNEAIYDICHRNLDIERPTYTNLNRLISQIVSSITASLRFDGALNVDLTEFQTNLVPFPRIHFPLVTYAPIISSDRAYHEQLSVAEITSSCFEPNNQMVKCDPQQGKYMACCMLYRGDVVPKDVNVAIAAIKTNRSLQFVDWCPTGFKVGINYQPPIPTPGGDLAQVQRAVCMLSNTTAIAEAWARLDHKFDLMYAKRAFVHWYVSEGMEEGEFAEAREDLAALEKDYDEVATDLFEDENEAGDS
P09243,MREVISIHVGQAGIQVGNACWELFCLEHGIQPDGQMPSNKTIGGGDDAFNTFFSETGTGKHVPRCVFLDLGPTVIDEVRTGTYRQLFHPEQLISGKEDAANNFARGHYTIGKEIVDLCLDGIRKLADQCTGLQGFLVFNSVGGGTGSGLGSLLLERLSVDYGKKSKLGFTIYPSPQVSTAVVEPYNSVLSTHSLLEHTDVAVMLDNEAVYDICRRNLDIERPTYTNLNRLIAQVISSLTASLRFDGALNVDVTEFQTNLVPYPRIHFMLSSAPVISAEKAYHEQLSVAEITNSAFEPASMMAKCDPRHGKYMACCLMYRGDVVPKDVNAAVATIKTKRTIQFVDWCPTGFKCGINYQPPTVVPSGDLAKVMRAVCMISNSTAIAEVFSRIDHKFDLMYAKRAFVHWYVGEGMEEGEFSEAREDLAALEKDYEEVGIETAEGEGEEEGME
P09644,MRECISVHVGQAGVQMGNTCWELYCLEHGIQPDGQMPSDKTIGGGDDSFTTFFCETGAGKHVPRAIFVDLEPTVIDEVRAGIYRQLFHPEQLITGKEDGANNYARGHYTIGKEIIDQVLDRIRKLADQCTGLQGFLCFHSFGGGTGSGFTSLLMERLSGDYGKKSKLEFSIYPAPQVSTAVVEPYNSILTTHTTLEHSDCAFMVDNEAIYDICRRNLDIERPTYTNLNRLISQIVSSITASLRFDGALNVDLTEFQTNLVPYPRIHFPLATYAPVISAEKAYHEQLSVAEITNSCFEPANQMVKCDPRHGKYMACCLLYRGDVVPKDVNAAIATIKTKRSIQFVDWCPTGFKVGINYQPPTVVAGGDLAKVQRIVCMLSNTTAIAEAWARLDHKFDLMYAKRAFVHWYVGEGMEEGEFSEAREDIAALEKDYEEVGLDSYEDEEEGEE
P10872,MREVISIHVGQGGIQVGNACWELFCLEHGIQPDGQMPSDKTIGGGDDAFNTFFSETGAGKHVPRAVFLDLEPTVIDEVRTGTYRQLFHPEQLISGKEDAANNFARGHYTIGKEIVDLCLDRIRKLADNCTGLQGFLVFNSVGGGTGSGLGSLLLERLSVDYGKKSKLGFTIYPSPQVSTAVVEPYNSILSTHSLLEHTDVAVMLDNEAIYDICRRNLDIERPTYTNLNRLIAQVISSLTASLRFDGALNVDITEFQTNLVPYPRIHFMLSSYAPIISAEKAYHEQLSVAEITNSAFEPANMMAKCDPRHGKYMACSMMYRGDVVPKDVNASIATIKTKRTIQFVDWCPTGFKVGINYQPSTVVPGGDLAKVMRAVCMISNSTAIAEVFSRLDHKFDLMYAKRAFVHWYVGEGMEEGEFSEAREDLAALEKDYEEVGIETAEGEGEEEGY
P10873,MREVISIHVGQAGIQIGNACWELFCLEHGIQPDGQMPSDKTIGGGDDAFNTFFSETGAGKHVPRCVFLDLEPTVVDEVRTGTYRHLFHPEQLISGKEDAANNFARGHYTIGKEIVDLSLDRIRKLADNCTGLQGFLMFNAVGGGTGSGLGCLLLERLSVDYGKKSKLNFCSWPSPQVSTAVVEPYNSVLSTHSLLEHTDVAVMLDNEAIYDICRRNLDIERPTYTNLNRLIAQVISSLTASLRFDGALNVDVTEFQTNLVPYPRIHFMLSSYAPIISAEKAYHEQLSVAEITNSAFEPASMMAKCDPRHGKYMACCLMYRGDVVPKDVNAAVATIKTKRTIQFVDWCPTGFKCGINYQPPTVVPGGDLAKVMRAVCMISNSTAIAEVFSRMDHKFDLMYAKRAFVHWYVGEGMEEGEFSEAREDLAALEKDYEEVGIETAEGEGEEEGYGDEY
P11237,MREVISIHIGQAGVQVGNACWELYCLEHGIQPDGLMPSDKTIGVEDDAFNTFFSETGAGKHVPRAVFLDLEPTVVDEVRTGTYRQLFHPEQLITGKEDAANNYARGHYTIGKEIVDLCLDRIRKLADNCTGLQGFLVFSSVGGGTGSGLGALLLERLSVDYGKKSKLGFTVYPSPQVATAVVEPYNSVLSTHALLEHTDVAVMLDNEAIYDICRRSLDIQRPTYTNLNRLIAQVISSLTASLRFDGALNVDVTEFQTNLVPYPRIHFMLCSYAPVISAEKAYHEQLSVAEITNSAFEPASMMAKCDPRHGKYMACCLMYRGDVVPKDVNAAVATIKTKRTIQFVDWSPTGFKCGINYQPPTVVPGGDLAKVQRAVCMISNSTAIAEVFSRIDHKFDLMYAKRAFVHWYVGEGMEEGEFSEAREDLAALEKDYEEVGTESQEGDGEEGEDGGDQ
P11480,MREILSIHIGQAGAQVGNACWELYCLEHGIKPDGQMPSDKSVGGGDDAFNTFFSETSSGKHVPRAIFLDLEPTVIDEIRTGTYRQLFHPEQLITGKEDAANNYARGHYTVGKELVDLCLDRVRKLADQCSGLQGFLVFHSVGGGTGSGFGSLLLERLSVDYGKKSKLDFCVYPSPQVSTAVVEPYNSVLSTHGLLEHTDVAFMLDNEAIYDLCKRSLDIERPSYANLNRLVAQVISSLTTSLRFDGALNVDITEFQTNLVPYPRIHFMLASYAPVISAEKAFHEQLSVAELTNTVFDPSSMMAKCDPRHGKYMACCLMYRGDVVPKDVNAAVAVIKTKRTIQFVDWCPTGFKCGINYQPPSVVPGGDLAKVQRALCMISNTTAIAEVFSRIDHKFDLMYAKRAFVHWYVGEGMEEVEFSEAREDLAALEKDYEEVGAETAEDDGADEEM
P11481,MREVISIHIGQAGIQVGNACWELYCLEHGIQPDGQMPSDKTIGGGDDAFNTFFSETGAGKHVPRCIFLDLEPTVVDEVRTGTYRQLFHPEQLISGKEDAANNFARGHYTIGKEIVDLALDRIRKLADNCTGLQGFLVFNAVGGGTGSGLGSLLLERLSVDYGKKSKLGFTVYPSPQVSTAVVEPYNSVLSTHSLLEHTDVAVMLDNEAIYDICRRSLDIERPTYTNLNRLIAQVISSLTASLRFDGALNVDVTEFQTNLVPYPRIHFMLSSYAPIISAEKAYHEQLSVAEITNAAFEPASMMVKCDPRHGKYMACCLMYRGDVVPKDVNAAVATIKTKRTIQFVDWCPTGFKCGINYQPPTVVPGGDLAKVQRAVCMISNSTAIGEIFSRLDHKFDLMYAKRAFVHWYVGEGMEEGEFSEAREDLAALEKDFEEVGAESAEGAGEGEGEEY
P12543,MREVISIHVGQAGIQVGNACWELFCLEHGIQPDGQMPPDQAGRANDDAFNTFFSETGAGKHVPRCVFVDLEPTVVDEVRTGTYRQLFHPEQLISGKEDAANNFARGHYTIGKEVIDVCLDRIRKLADNCTGLQGFLMFSAVGGGTGSGFGCLMLERLSVDYGKKSKLNFCCWPSPQVSTAVVEPYNSVLSTHSLLEHTDVAIMLDNEAIYDICKKNLDIERPTYTNLNRLIAQVISSLTASLRFDGALNVDVTEFQTNLVPYPRIHFMLSSYAPVVSAEKAYHEQLSVSEITNSAFEPANMMAKCDPRHGKYMACCLMYRGDVVPKDVNAAVATIKTKRTIQFVDWCPTGFKCGINYQPPTVVPGGDLAKVMRAVCMISNSTAIAEVFSRMDQKFDLMYAKRAFVHWYVGEGMEEGEFSEAREDLAALEKDYEEVGIETNDGEGEDEGYEADY
P14642,MREVISIHVGQAGIQVGNACWELFCLEHGIQPDGQMPSDKASRANDDAFNTFFSETGAGKHVPRCVFVDLEPTVVDEVRTGTYRQLFHPEQLISGKEDAANNFARGHYTIGKEVIDVCLDRIRKLADNCTGLQGFLMFSAVGGGTGSGFGCLMLERLSVDYGKKSKLNFCCWPSPQVSTAVVEPYNSVLSTHSLLEHTDVAIMLDNEAIYDICRRNLDIERPTYTNLNRLIAQVISSLTASLRFDGALNVDVTEFQTNLVPYPRIHFMLSSYAPVVSAEKAYHEQLSVSEITNSAFEPANMMAKCDPRHGKYMACCLMYRGDVVPKDVNAAVATIKTKRTIQFVDWCPTGFKCGINYQPPTVVPGGDLAKVMRAVCMISNSTAIAEVFSRMDQKFDLMYAKRAFVHWYVGEGMEEGEFSEAREDLAALEKDYEEVGIESNEAEGEDEGYEADY
P24634,MRGEVCHIHIGQAGTQLGNSAWELYLLEHGLGADGRLDPEKGEDINAGGSFETFFTETGSGKYVPRSIFVDLDPSPIDEIRTGPYRQLFHPEQLISGKEDAANNYARGHYTVGKELVDTVVDRVRRLSDNCSSLQGFLVFHSFGGGTGSGFGALLLERLSTEYGKKSKLEFAVYPSPRVSTAVVEPYNAVLSTHSTIENSDCTFLVDNEAVYDICRRNLDIPRPSFEHLNRLIAQVVSSITSSLRFDGALNVDLNEFQTNLVPFPRIHYPLISYAPVISSNRSSHESFKVQDLTLQCAEPNNQMVVCDPRNGKYMAVALLYRGDCVPRDCTQAIASLKAKASFNLVEWCPTGFKVGINYQKPARVPGSELAPVDRSVSMLSNTTAISEAWSRLDHKFDLMYSKRAFVHWYVGEGMEEGEFSEAREDLAALEKDYEEVAGDSLDMEGEEAEY
P28268,MREVISVHIGQGGIQVGNACWELFCLEHGIQPDGQMPSDKTIGGGDDAFNTFFSETGAGKHVPRAVLVDLEPTVCDEIRTGTYRQLFHPEQIISGKEDAANNFARGHYTIGKEIVDLVLDRIRKLADNCTGLQGFIGFHSVGGGTGSGLGSLLLERLSVDYGKKSKLCFTVYPSPQVSTAVVEPYNSVLSTHSLLEHTDVAVMLDNEAVYDICRRNLDIERPTYTNLNRLIAQVISSLTASLRFDGALNVDITEFQTNLVPYPRIHFMLSSYGPVISAEKAYHEQLSVAEITNSSFEPASMMAKCDPRHGKYMACCMMFRGDVVPKDVNAAVATIKTKRTIQFVDWSPGFKVGINYQPPTVVPGGDLAKVMRAVCMISNSTAIAEVFSRIDHKFDLMYAKRAFVHWYVGEGMEEGEFSEAREDLAALEKDYEEVGIETAEGEGEEEDMAQ
P28287,MREVISIHVGQAGIQVGNACWELFCLEHGIQPDGQMPSDKTIGGGDDAFNTFFSETGAGKHVPRCVFLDLEPTVDDEVRTGTYRQLFHPEQLISGKEDAANNFARGHYTIGKEIVDLCLDRIRKLADQCTGLQGFLVFNSVGGGTGSGLGSLLLERLSVDYGKKSKLGFTVYPSPQVSTAVVEPYNSVLSTHSLLEHTDVAVMLDNEAVYDICRRNLDIERPTYTNLNRLIAQVISSLTASLRFDGALNVDVTEFQTNLVPYPRIHFMLSSYAPVISAEKAYHEQLSVAEITNSAFEPASMMAKCDPRHGKYMACCLMYRGDVVPKDVNAAVATIKTKRTIQFVDWCPTGFKCGINYQPPTVVPGGDLAKVMRAVCMISNSTAIAEVFSRIDHKFDLMYAKRAFVHWYVGEGMEEGEFSEAREDLAALEKDYEEVGIETAEGEGEEEGME
P28752,MREIISIHIGQAGIQVGNACWELYCLEHGIEPDGTMPSDTTVGVAHDAFNTFFSETGAGKHVPRAIFVDLEPTVIDEVRTGSYRQLFHPEQLISGKEDAANNFARGHYTVGKEIVDLCLDRVRKLADNCTGLQGFLVFNAVGGGTGSGLGSLLLERLSVDYGKKSKLGFTIYPSPQVSTAVVEPYNSVLSTHSLLEHTDVAVLLDNEAIYDICRRSLDIERPTYTNLNRLISQIISSLTTSLRFDGAINVDVTEFQTNLVPYPRIHFMLSSYAPVISAEKAYHEQLSVPEITNAVFEPSSMMAKCDPRHGKYMACCLMYRGDVVPKDVNAAVATIKTKRTVQFVDWCPTGFKCGINYQPPSVVPGGDLAKVQRAVCMISNNTAVAEVFSRIDHKFDLMYAKRAFVHWYVGEGMEEGEFSEAREDLAALEKDYEEVGAEGADDENDDGEDY
P31017,MREVITINIGQAGCQLGNKCWELFCLEHGIQPDGTAIANSNEKRSVITGGIDTAYNAFFQELQNGRHVPRAIFVDTEPTVIDEIKTGEYSGLYHPEHLICGKEDASSNFAKGKTGYEPLLNQTMDAIRKATENCTGLQGFFIYNSVGGGTGSGFTAALCEKLADKYTKKTKLNTVIWPSPKLSSGVVEPYNAVLNTHAMMKFVNCTFMVDNESIYKICQKQLGVHSPSYFHLNQLIAQAMSSITASLRFEGTLNVDLNEFPTNLVPFPRDHFAMMSYAPIVTPEKAIRQTLSVQELTSSLFDPNSLMIQCDDINKGKFMSCCMMYRGDVSSREVNLAVSGIKKQNTVPFVGWCPCSFKCGINSQPATAVPGSSYASTARSACMIANHTAMCQVFQKVNQNFDLMFGKRAFVHHYVGEGMEENEFTDARQDLYELEVDYANLALDNTIEGESMTAQ
P33623,MRECISIHIGQAGIQVGNARWELYCLEHGIQPDGQMPSDKTVGGGDDAFNTFFSETGAGKHVPRAVFLDLEPTVIDEVRTGTYRQLFHPEQLISGKEDAANNFARGHYTIGKEIVDLCLDRIRKLADNCTGLQGFLVFHAVGGXTGSGLGSLLLERLSVDYGKKSKLGFTVYPSPQVSTSVVEPYNSVLSTHSLLEHTDVSVLLDNEAIYDICRRSLDIERPTYTNLNRLVSQVISSLTASLRFDGALNVDVTEFQTNLVPYPRIHFMLSSYAPVISAEKAYHEQLSVAEITNSAFEPASMMAKCDPRHGKYMACCLMYRGDVVPKDVNAAVATIKTKRTIQFVDWCPTGFKCGINYQPPTVVPGGDLAKVQRAVCMISNSTSVAEVFSRIDHKFDLMYAKRAFVHWYVGEGMEEGEFSEAREDLAALEKDYEEVGAESGEGEEGDEGEEY
P33625,MREIISIHLGQGGIQIGNACWELYCLEHGIQPDGSMPSDKAIGVEDDAFNTFFSETGAGKHVPRAVFLDLEPSVVDEVRTGTYRQLFHPEQLISGKEDAANNYARGHYTIGKEIVDLCLDRIRKLADNCTGLQGFLAFHAVGGGTGSGLGRLLLERLSVDYGKKSKLGFTIYPSPQISTAVVEPYNSVLSTHSLLEHTDVAVMLDNEAIYDICRRNLDIERPTYTNLNRLIAQVISSLTASLRFDGALNVDITEFQTNLVPYPRIHFVLSSYAPIISAEKAYHEQLSVAEITNAAFEPASMMAKCDPRHGKYMACCLMYRGDVVPKDVNASVATIKTKRTIQFVDWCPTGFKCGINYQPPTVVPGGDLAKVQRAVCMISNSTAIAEVFARIDHKFDLMYSKRAFVHWYVGEGMEEGEFSEAREDLAALEKDYEEVGAESADVEGEEDVEEY
P33627,MREIISIHIGQAGIQVGNACWELYCLEHGIEPDGTMPSDTSVGVAHDAFNTFFSETGSGKHVPRAIFVDLEPTVIDEVRTGSYRQLFHPEQLISGKEDAANNFARGHYTVGKEIVDLCLDRVRKLADNCTGLQGFLVFNAVGGGTGSGLGSLLLERLSVDYGKKSKLGFTIYPSPQVSTAVVEPYNSVLSTHSLLEHTDVAVLLDNEAIYDICRRSLDIERPTYTNLNRLISQIISSLTTSLRFDGAINVDVTEFQTNLVPYPRIHFMLSSYAPVISAEKAYHEQLSVPEITNAVFEPSSMMAKCDPRHGKYMACCLMYRGDVVPKDVNAAVATIKTKRTVQFVDWCPTGFKCGINYQPPSVVPGGDLAKVQRAVCMISNNTAVAEVFSRIDHKFDLMYAKRAFVHWYVGEGMEEGEFSEAREDLAALEKDYEEVGAEGADDEGDEGDDY
P33629,MRECISIHIGQAGIQVGNACWELYCLEHGIQPDGQMPGDKTVGGGDDAFNTFFSETGAGKHVPRAVFVDLEPTVIDEVRTGTYRQLFHPEQLISGKEDAANNFARGHYTIGKEIVDLCLDRIRKLADNCTGLQGFLVFNAVGGGTGSGLGSLLLERLSVDYGKKSKLGFTVYPSPQVSTSVVEPYNSVLSTHSLLEHTDVAVLLDNEAIYDICRRSLDIERPTYTNLNRLVSQVISSLTASLRFDGALNVDVTEFQTNLVPYPRIHFMLSSYAPVISAEKAYHEQLSVAEITNSAFEPSSMMAKCDPRHGKYMACCLMYRGDVVPKDVNAAVATIKTKRTIQFVDWCPTGFKCGINYQPPTVVPGGDLAKVQRAVCMISNSTSVAEVFSRIDHKFDLMYAKRAFVHWYVGEGMEEGEFSEAREDLAALEKDYEEVGAESAEGEDDEGDDY
P38668,MRGEVVHIHLGQAGTQLGNSAWELYLLEHGLTQDGRKDPDSTVAGEGGSYDTFFTESSNGKYVPRSLFVDLDPSPIDEIRTGPYRQLFHPELLISGKEDAANNYARGHYTVGKEMAENVLDRIRKITDNCHSLQGFLVFHSFGGGTGSGFGALVLERLAQDYAKKCKLEFSVYPAPRVATAVVEPYNAVLATHSTLEHSDVTFLVDNEAVYDICRRNLDIPRPSYEHLNRLIAQVVSSITSSLRFDGALNVDLNEFQTNLVPFPRVHYPLISYAPVISATKSAHESFKTSELTLQCFEPNNQMVVCDPRNGKYMAVALLYRGDVVPRDTSAAVAALKAKSSFNLVEWCPTGFKIGINHQKPMSVPTASPADGGLASVDRSVSMLSNTTAIAEAWSRLDHKFDLMYSKRAFVHWYVGEGMEEGEFSEAREDLASLEKDYEEVAGDYNDVDVDAEY
P38669,MREIISLNVGQAGCQIANSCWELYCLEHGIQPDGYLTEERKAADPDHGFSTFFSETGNGKYVPRTIYADLEPNVIDEVRTGAYRGLFHPEHMISGKEDASNNYARGHYTVGKELIDQVLDKVRRVADNCSGLQGFLVFHSFGGGTGSGFGALLMERLSVDYGKKSKLEFCVYPAPQTATSVVEPYNSILTTHTTLEHADCSFMVDNEAIYDICRRNLGLERPNYENLNRLIAQVVSSITASLRFDGSLNVDLNEFQTNLVPYPRIHFPLVAYAPVISAAKAAHEANSVQEMTMSCFEPNNQMVKCDPRHGKYMATCLLYRGDVVPNDAHAAVATLKTKRTIQFVDWCPTGFKLGICYQPPHQVPNGDLAKVNRAVCMLSNTTAIAEAWSALSSKFDLMYSKRAFVHWYVGEGMEEGEFSEAREDLAALERDYEEVAADSMEGEDVEAEY
P49741,MREVVSIHVGQAGVQIGNACWELYTIEHGLSPDGRLSDDSPSKHDDGFSTFFSETSSGKYVPRSLYVDLEPNVIDEVRNGPYRSLFHPETMITGKEDAASNYARGHYTIGKEQIDVVMDKVRRLVDNCNGLQGFFVFHSFGGGTGSGFGALILERLSTDYGKKSKLEFSVYPAPTLASSVVEPYNSVLTTHTTLEHSDCSFMVDNEAIYDICKKNLNIAQPGLTNLNRLIAQVVSSITASLRFDGSLNVDLNEFQTNLVPFPRIHFPLATLAPIVSVDKAGHESNSVAEMTYSCFEPGNQMVKCDPRDGKYMACALLYRGDVVPKDTNAAVALIKTKRTIQFVDWCPTGFKLGICNEPPAHVPGGDLAKVKRSMCMLSNTTAISSAWSRLDHKFDLLYSKRAFVHWYVGEGMEEGEFSEARQDLAALEKDYEEVGMDSADAEEEAAEY
P49742,MREVISVHVGQAGVQIGNACWELYTLEHGLSPDGRLMDDSPSKHDSGSTFFSETGQGKHVPRRLYVDLEPGVIDDVKNGPYRSLFHPETMITGKEDAANNYARGHYTVGKELIDPVMDKLRRLADNCSGRQGLFVFHSFGGGTGSGFGALLLERLSTDYGKKAKLEFCVYPAPQLSSSVVEPYNSLLTTHTTLEHSDCSFMVDNEAIYDICKKNLGVAQPGFTNLNRLIAQVVSSITASLRFDGSLNVDLNEFQTNLVPFPRIHFPLASYAPLLSAPRRQHEQNSVEEMTFSCFESGNQMVKCDAKDGKYMACCLLYRGDVVPKDTQAAVASIKTKRTIQFVDWCPTGFKLGVCNEAPATVPGGDLAKVPRSLCMLSNTTAIAAAWNRLDYKFDLMYRKRAFVHWYVGEAMEEGEFSEAREDLAALEKDYEEVGTDSADAEEEGEY
P50719,MREVISIHIGQAGVQIGNACWELYCLEHGIQPDGQMPSDKSLGGCDDSFSTFFSETGSGRHVPRAVMIDLEPTVIDEIRTGTYRSLFHPEQLITGKEDAANNYARGHYTIGKEIIDLTLDRIRRLADNCTGLQGFLVFHSFGGGTGSGFTSLLMERLSVDYGKKAKLEFSVYPAPQVSTAVVEPYNSILTTHTTLEHSDCSFMVDNEAIYDICRRNLDIERPSYTNLNRLIGQIVSSITASLRFDGALNVDLTEFQTNLVPYPRIHFPLATFSPVISAEKAYHEQLSVAEITNMCFEPHNQMVKCDPRHGKYMAVCLLFRGDVVPKDVNAAIATIKTKRSIQFVDWCPTGFKVGINYQPPTVVPGGDLAKVPRAVCMLSNTTAIAEAWARLDHKFDLMYAKRAFVHWYVGEGMEEGEFSEAREDLAALEKDYEEVGVDSLEDNGEEGDEY
P52273,MRECISVHVGQAGVQIGNACWELYCLEHGIQPDGQMPTDKTIGGGDDSFNTFFSETGAGKHVPRALFVDLEPTVVDEVRTGTYRQLFHPEQLITGKEDAANNYARGHYTIGKEIVDLVLDRIRKLADQCTGLQGFLIFHSFGGGTGSGFTSLLMERLSVDYGKKSKLEFAIYPAPQVSTAVVEPYNSILTTHTTLEHSDCAFMVDNEAIYDICRRNLDIEPPTYTNLNRLIGQIVSSITASLRFDGALNVDLTEFQTNLVPYPRIHFPLVTYAPVISAEKAYHEQLSVAEITNACFEPANQMVKCDPRHGKYMACCMLYRGDVVPKDVNAAIATIKTKRTIQFVDWCPTGFKVGINYQPPTVVPGGDLAKVQRAVCMLSNTTAIAEAWARLDHKFDLMYAKRAFVHWYVGEGMEEGEFSEAREDLAALEKDYEEVGMDSAEGEGEGAEEY
P52274,MPSDGRECVSIHIGQAGAQIGNACWELYCIEHGLDEAGFLKEEEKNKKQQSLQAFFSESMNGKHVPRAIYVDLEPTVLDEIRNGVYGNLFHPDQIINGKEDAANNYARGHYTIGKELIDVVLDRIRKQTENCEGLQGFLVFHSFGGGTGSGFSSLLMERLSVEFGKKSKLEFSVYPAPQVSTSVVEPYNSILTTHTTLELSDCSFMVDNEAIYDLCRQKLHVERPSYSNLNRLIAQVVSSITASLRFDGALNVDLNEFQTNLVPYPRIHFPLATYAPVISADRAHHEPLSVQDITHMCFEKANQMVKCDPSAGKYMAVCLLYRGDVVPKDVNAAISSVKAKRGINFVDWCPTGFKVGINYQAPITVEGGDLAKVHRAVCMLSNTTAIAEAWARLDHKFDLMYSKRAFVHWFVGEGMEEGEFMEARDDLAALEKDYAEVSRDTADLEEENDEF
P53372,MREVISIHVGQAGTQIGNACWELYCLEHGIEPDGRLSPEKTTKPLDDGFSTFFSETGSGKYVPRSIYVDLEPNVIDQVRTGTYRHLFHPEQLITGKEDAANNYARGHYTVGKELIDHVLDRIRRVADNCTGLQGFLVFHSFGGGTGSGFGALLLERLSVDYGKKSKLEFSVYPAPQVSTSVVEPYNSILTTHTTLEHSDCSFMVDNEAIYDICRRNLDIERPGYENLNRLIAQVVSSITASLRFDGSLNVDLNEFQTNLVPYPRIHFPLVTYAPLISAAKAHHEANSVAEITNACFEPNNQMVKCDPRNGKYMATCLLYRGDIVTKDVNCAVSSIRTKRTIQFVDWCPTGFKLGVCYQPPQYVPNGDLAKVNRAVCMLSNTTSIAEAWSRLDHKFDLMYSKRAFVHWYVGEGMEEGEFSEAREDLAALEKDYEEVGQDSIEGEIMEEEY
P68367,MRECISVHVGQAGVQMGNACWELYCLEHGIQPDGQMPSDKTIGGGDDSFTTFFCETGAGKHVPRAVFVDLEPTVIDEIRNGPYRQLFHPEQLITGKEDAANNYARGHYTIGKEIIDPVLDRIRKLSDQCTGLQGFLVFHSFGGGTGSGFTSLLMERLSVDYGKKSKLEFSIYPAPQVSTAVVEPYNSILTTHTTLEHSDCAFMVDNEAIYDICRRNLDIERPTYTNLNRLISQIVSSITASLRFDGALNVDLTEFQTNLVPYPRIHFPLATYAPVISAEKAYHEQLSVAEITNACFEPANQMVKCDPRHGKYMACCLLYRGDVVPKDVNAAIAAIKTKRSIQFVDWCPTGFKVGINYQPPTVVPGGDLAKVQRAVCMLSNTTAIAEAWARLDHKFDLMYAKRAFVHWYVGEGMEEGEFSEAREDMAALEKDYEEVGIDSYEDEDEGEE
Q02245,MREIISIHIGQAGIQVGNACWELYCLEHGIEHDGTMPSDSSVGVAHDAFNTFFSETGSGKHVPRAIFVDLEPTVIDEVRTGSYRQLFHPEQLISGKEDAANNFARGHYTVGKEIVDLCLDRVRKLADNCTGLQGFLVFNAVGGGTGSGLGSLLLERLSVDYGKKSKLGFTIYPSPQVSTAVVEPYNSVLSTHSLLEHTDVAVLLDNEAIYDICRRSLDIERPTYTNLNRLISQIISSLTTSLRFDGAINVDVTEFQTNLVPYPRIHFMLSSYAPVISAEKAYHEQLSVPEITNAVFEPSSMMAKCDPRHGKYMACCLMYRGDVVPKDVNAAVATIKTKRTVQFVDWCPTGFKCGINYQPPSVVPGGDLAKVQRAVCMISNNTAVAEVFSRIDHKFDLMYAKRAFVHWYVGEGMEEGEFSEAREDLAALEKDYEEVGAEGADDEGDEGDDY
Q06331,MRECISIHVGQAGVQIGNACWELYCLEHGIQPSGQMPSDKAVGGKDDSFNTFFSETGSGKHVPRAVFVDLEPTVVDEIRTGLYRQLFHPEQLITGKEDAANNYARGHYTIGKEHIDLVLDRVRKLSDQCTGLQGFLIFHSFGGGTGSGFTSLLMERLSVDYGKKSKLEFSIYPAPQVATAVVEPYNSILTTHTTLEHSDCAFMVDNEAIYDICKRNLDIERPSYTNLNRLISQVVSSITASLRFDGALNVDLTEFQTNLVPYPRIHFPLVTYAPIISAEKAYHEQLAVAEVTSACFEPANQMVKCDPRHGKYMACCMLYRGDVVPKDVNAAIATIKTKRSIQFVDWCPTGFKVGINYQPPTVVPGGDLAKVQRAVCMLSNTTAVAEAWARLDHKFDLMYAKRAFVHWYVGEGMEEGEFSEAREDLAALEKDYEEVGLDTFEAEEEEGGDEY
Q08114,MREVISIHIGQGGIQVGNACWDLFCLEHGIQPDGQMPSDKTIGGGDDAFNTFFSETGAGKHVPRAVFLDLEPTVCDEVRTGTYRQLFHPEQLISGKEDAANNFARGHYTIGKEIVDLCLDRIRKLADNCTGLQGFIGFHSVGGGTGSGLGSLLLERLSVDYGKKSKLTFTIYPSPQVSTAVVEPYNSVLSTHSLLEHTDVAVMLDNEAVYDICRRNLDIERPTYTNLNRLIAQVISSLTASLRFDGALNVDVTEFQTNLVPYPRIHFMLSSYAPVISAEKAYHEQLSVAEITNSSFEPASMMAKCDPRHGKYMACCMMYRGDVVPKDVNAAVATIKTKRTIQFVDWSPTGFKCGINYQPPTVVPGGDLAKVMRAVCMISNSTAIAEVFSRIDHKFDLMYAKRAFVHWYVGEGMEEGEFSEAREDLAALEKDYEEVGIETAEGEGEEEGME
Q25008,MRECISIHVGQAGVQMGNAVWELYCLEHGIQPDAKMPSDKTVGVSDDSFNTFFSETGAGKHVPRAVFVDLEPSVVDEVRSGVYRQLFHPEQLITGKEDAANNYARGHYTIGKEIVDIVLDRIRKLADQCTGLQGFLIFHSFGGGTGSGFTSLLMERLSVDYGKKSKLEFAVYPAPQVATAVVEPYNSILTTHTTLEHSDCAFMVDNEAIYDICRRNLDIERPSYTNLNRLIGQIVSSITASLRFDGALNVDLTEFQTNLVPYPRIHFPLVTYAPVISAEKAYHEQLSVAEITNACFEPANQMVKCDPRHGKYMACCLLYRGDVVPKDVNAAIANIKTKRTIQFVDWCPTGFKVGINYQPPTVVPGADLAKVSRAVCMLSNTTAIAEAWARLDHKFDLMYAKRAFVHWYVGEGMEEGEFTEAREDLAALEKDYEEVGMDSADGEDIEGGDEY
Q25563,MREVISIHIGQAGVQVGNACWELYCLEHGIQPDGLMPSSKTIGVEDDAFNTFFSETGAGKHVPRAVFLDLEPTVVDEVRTGTYRQLFHPEQLITGKEDAANNYARGHYTIGKEIVDLCLDRIRKLADNCTGLQGFLVFSSVGGGTGSGLGALLLERLSVDYGKKSKLGFTVYPSPQVATAVVEPYNSVLSTHALLEHTDVAVMLDNEAIYDICRRSLDIQRPTYTNLNRLIAQVISSLTASLRFDGALNVDVTEFQTNLVPYPRIHFMLCSYAPVISAEKAYHEQLSVAEITNSAFEPASMMAKCDPRHGKYMACCLMYRGDVVPKDVNAAVATIKTKRTIQFVDWSPTGFKCGINYQPPTVVPGGDLAKVQRAVCMISNSTAIAEVFSRIDHKFDLMYAKRAFVHWYVGEGMEEGEFSEAREDLAALEKDYEEVGTESQEGDGEEGEDGGDQ
Q27352,MREAICIHIGQAGCQVGNACWELFCLEHGIQPDGAMPSDKTIGVEDDAFNTFFSETGAGKHVPRAVFLDLEPTVVDEIRTGTYRQLFHPEQLISGKEDAANNYARGHYTIGKEIVDLCLDRIRKLADNCTGLQGFLVYHAVGGGTGSGLGALLLERLSVDYGKKSKLGYTVYPSPQVSTAVVEPYNSVLSTHSLLEHTDVAAMLDNEAIYDLTRANLDIERPTYTNLNRLIGQVVSALTASLRFDGALNVDLTEFQTNLVPYPRIHFVLTTYAPVISAEKAYHEQLSVSEISNAVFEPASMMTKCDPRHGKYMACCLMYRGDVVPKDVNAAVATIKTKRTIQFVDWSPTGFKCGINYQPPTVVPGGDLAKVQRAVCMIANSTAIAEVFARIDHKFDLMYSKRAFVHWYVGEGMEEGEFSEAREDLAALEKDYEEVGAESADMEGEEDVEEY
Q2HJB8,MRECISVHVGQAGVQIGNACWELFCLEHGIQADGTFGAQASKIHDDDSFTTFFSETGNGKHVPRAVMVDLEPTVVDEVRAGTYRHLFHPEQLITGKEDAANNYARGHYTVGKESIDLVLDRIRKLTDACSGLQGFLIFHSFGGGTGSGFTSLLMERLSLDYGKKSKLEFAIYPAPQVSTAVVEPYNSILTTHTTLEHSDCAFMVDNEAIYDICRRNLDIERPTYTNLNRLISQIVSSITASLRFDGALNVDLTEFQTNLVPYPRIHFPLVTYAPIISAEKAYHEQLSVAEITSSCFEPNSQMVKCDPRHGKYMACCMLYRGDVVPKDVNVAIAAIKTKRTIQFVDWCPTGFKVGINYQPPTVVPGGDLAKVQRAVCMLSNTTAIAEAWARLDHKFDLMYAKRAFVHWYVGEGMEEGEFSEAREDLAALEKDYEEVGTDSFEEENEGEEF
Q38771,MREIISIHIGQAGIQVGNACWELYCLEHGIQQDGTMPSDTTVGVAHDAFNTFFSETGAGKHVPRAIFVDLEPTVIDEVRTGAYRQLFHPEQLISGKEDAANNFARGHYTVGKEIVDLCLGRVRQLADNCTGLQGFLVFNAVGGGTGSGLGSLLLERLSVDYGKKSKLGFTIYPSPQVSTAVVEPYNSVLSTHSLLEHTDVAVLLDNEAIYDICRRSLDIERPTYTNLNRLISQIISSLTTSLRFDGAINVDVTEFQTNLVPYPRIHFMLSSYAPVISAEKAYHEQLSVPEITNAVFEPSSMMAKCDPRHGKYMACCLMYRGDVVPKDVNAAVVTIKTKRTVQFVDXCPTGFKCGINYQPPSVVPGGDLAKVQRAVCMISNNTAVAEVFSRIDHKFDLMYAKRAFVHWYVGEGMEEGEFSEAREDLAXLEKXYEEVGAEGADDEVTRG
Q3UX10,MRECLSIHIGQAGVQIGDACWELYCLEHGIQPDGFILDHQHDNLENPKVEHMNASLDTFFHETRAGKHVPRTLFMDLEPTVIDGIRVGRYHSLFHPEQLVNGKEDAANTYARGRYSVGSEVIELVLERIRKLAEQCSGLQGFLIYRSFGGGTGSGFTSLLMERLSVEYCKKIKLEFSVYPSPRISTAVVEPYNAILTTHSTIEYSDCAFMVDNEALYDICQHKLGIERPSYASINRLIAQVSSSITASLRFEGPLNVDLIEFQTNLVPYPRIHFPITALAPIISAEKAYQEQLSVSDVTASCFEVSNQLVKCDPRLGKYMACCLLYRGDVVPKDVNEAIAAMKSRTSVQFVDWCPTGFKVGINYQPPAVVPGGDLARVQRAVCMLSNTTAIVEAWARLDHKFDLMYAKKAFLHWYITEGMELGEFVEAREDLAALEKDYEEVGLSF
Q40831,MRECISIHIGQAGIQVGNACWELYCLEHGIQPNGQMPADNTTGGGDDAFNTFFSETGAGKHVPRAVYVDLEPTVCDEVRTGSYRQLYHPEQIISGKEDAANNYARGHYTIGKEIVDIVLDRIRKLSDNCTGLQGFLVFHATGGGTGSGLGSLLLERLSVDYGRKSKLSFAITPAPQVATAVVEPYNSVLSTHALLEHTDCTFCLDNEALYDVCRRNLDIERPTYTNLNRLVAQVISSLTASLRFDGALNVDVTEFQTNLVPYPRIHFMLTSYAPIISAEKAYHEQLSVAEITNSVFEPAGMMTKCDPRHGKYMACCLMYRGDVVPKDVNAAVATIKTKRTIQFVDWCPTGFKCGINYQPPTAVPGGDLARVQRAVCMVANTTAIAEALSRIDHKFDLMYAKRAFVHWYVGEGMEEGEFSEAREDLVALEKDYEEVGAETADGDGEEEEFGEEY
Q43473,MREIISIHIGQAGIQVGNACWELYCLEHGINQDGTMPSDTTVGVAHDAFNTFFSETGAGKHVPRAIFVDLEPTVIDEVRTGAYRQLFHPEQLISGKEDAANNFARGHYTVGKEIVDLCLDRVRKLADNCTGLQGFLVFNAVGGGTGSGLGSLLLERLSVDYGKKSKLGFTIYPSPQVSTAVVEPYNSVLSTHSLLEHTDVAVLLDNEAIYDICRRSLDIERPTYTNLNRLISQIISSLTTSLRFDGAINVDVTEFQTNLVPYPRIHFMLSSYAPVISAEKAYHEQLSVPEITNAVFEPSSMMAKCDPRHGKYMACCLMYRGDVVPKDVNAAVATIKTKRTVQFVDWCPTGFKCGINYQPPSVVPGGDLAKVQRAVCMISNNTAVAEVFSRIDHKFDLMYAKRAFVHWYVGEGMEEGEFSEAREDLAALEKDYEEVGAEGADDEGDEGDDY
Q53M52,MRECISIHIGQAGIQVGNACWELYCLEHGIQPDGQMPGDKTVGGGDDAFNTFFSETGAGKHVPRAVFVDLEPTVIDEVRTGDYRQLFHPEQLISGKEDAANNFARGHYTIGKEIVDLCLDRIRKLADNCTGLQGFLVFNAVGGGTGSGLGSLLLERLSVDYGKKSKLGFTVYPSPQVSTSVVEPYNSVLSTHSLLEHTDVAVLLDNEAIYDICRRSLDIERPTYTNLNRLVSQVISSLTASLRFDGALNVDVNEFQTNLVPYPRIHFMLSSYAPVISAEKAYHEQLSVAEITNSAFEPSSMMAKCDPRHGKYMACCLMYRGDVVPKDVNAAVATIKTKRTIQFVDWCPTGFKCGINYQPPSVVPGGDLAKVQRAVCMISNSTSVVEVFSRIDIKFDLMYSKRAFVHWYVGEGMEEGEFSEAREDLAALEKDYEEVGSEFDDGDEGDEGDEY
Q5I2J3,MREVISINVGQAGCQIANSCWELYCLEHGIQPDGYLTEERKAQDPDQGFSTFFSETGNGKHVPRAIYCDLEPNVVDEVRTGAYRNLFHPEMMITGKEDASNNYARGHYTVGKELIDGVLDKIRRVADNCAGLQGFLVFHSFGGGTGSGFGALLMERLSVDYGKKSKLEFCVYPAPQTATSVVEPYNSILTTHTTLEHSDCSFMVDNEAIYDICRRNLGLERPNYENLNRLIAQVVSSITASLRFDGSLNVDLNEFQTNLVPYPRIHFPLVAYSPVISAAKAAHEANSVQEMTMSCFEPNNQMVKCDPRHGKYMATCLLYRGDVVPNDAHAAVATLKTKRTIQFVDWCPTGFKLGICYQAPENVPNGDLAKVSRAVCMLSNTTAIAEAWSSLSLKFDLMHSKRAFVHWYVGEGMEEGEFSEAREDLAALERDYEEVATDSMGDEELEAEY
Q6VAF9,MRECISIHIGQAGIQVGNACWELYCLEHGIQPDGQMPSDKTVGGGDDAFNTFFSETGAGKHVPRAVFVDLEPTVIDEVRTGAYRQLFHPEQLISGKEDAANNFARGHYTIGKEIVDLCLDRIRKLADNCTGLQGFLVFNAVGGGTGSGLGSLLLERLSVDYGKKSKLGFTVYPSPQVSTSVVEPYNSVLSTHSLLEHTDVAVLLDNEAIYDICRRSLDIERPTYTNLNRLVSQVISSLTASLRFDGALNVDVTEFQTNLVPYPRIHFMLSSYAPVISAEKAYHEQLSVAEITNSAFEPSSMMAKCDPRHGKYMACCLMYRGDVVPKDVNAAVATIKTKRTIQFVDWCPTGFKCGINYQPPTVVPGGDLAKVQRAVCMISNSTSVAEVFSRIDHKFDLMYTKRAFVHWYVGEGMEEGEFSEAREDLAALEKDYEEVGAESGEGDEGDEEEY
Q6VAG0,MRECISIHIGQAGIQVGNACWELYCLEHGIQPDGQMPSDKTVGGGDDAFNTFFSETGAGKHVPRAVFVDLEPTVIDEVRTGAYRQLFHPEQLISGKEDAANNFARGHYTIGKEIVDLCLDRIRKLADNCTGLQGFLVFNAVGGGTGSGLGSLLLERLSVDYGKKSKLGFTVYPSPQVSTSVVEPYNSVLSTHSLLEHTDVAVLLDNEAIYDICRRSLDIERPTYTNLNRLVSQVISSLTASLRFDGALNVDVTEFQTNLVPYPRIHFMLSSYAPVISAEKAYHEQLSVAEITNSAFEPSSMMAKCDPRHGKYMACCLMYRGDVVPKDVNAAVASIKTKRTIQFVDWCPTGFKCGINYQPPTVVPGGDLAKVQRAVCMISNSTSVAEVFSRIDHKFDLMYAKRAFIHWYVGEGMEEGEFSEAREDLAALEKDYEEVGAESAEGDEGEDDEY
Q6VAG1,MRECISIHIGQAGIQVGNACWELYCLEHGIQPDGQMPSDKTVGGGDDAFYTFFSETGAGKHVPRAIFVDLEPTVIDEVRTGTYRQLFHPEQLISGKEDAANNFARGHYTIGKEIVDLCLDRIRKLADNCTGLQGFLVFSAVGGGTGSGLGSLLLERLSVDYGKKSKLGFTVYPSPQVSTSVVEPYNSVLSTHSLLEHTDVSVLLDNEAIYDICRRSLDIERPTYTNLNRLVSQVISSLTASLRFDGALNVDVTEFRTNLVPYPRIHFMLSSYAPVISAEKAYHEQLSVAEITNSAFEPSSMMAKCDPRHGKYMACCLMYRGDVVPKDVNAAVATIKTKRTIQFADWCPTGFKCGINYQPPTVVPGGDLAKVQRAVCMISNSTSVAEVFSRIDHKFDLMYAKRAFVHWYVGEGMEEGEFSEAREDLAALEKDYEEVGADSAEGDEEDEGDEY
Q71G51,MREVISIHVGQAGIQIGNACWELFCLEHGIQPDGQMPSDKTIGGGDDAFNTFFSETGAGKHVPRCVFLDLEPTVVDEVRTGTYRHLFHPEQLISGKEDAANNFARGHYTIGKEIVDLSLDRIRKLADNCTGLQGFLMFNAVGGGTGSGLGCLLLERLSVDYGKKSKLNFCSWPSPQVSTAVVEPYNSVLSTHSLLEHTDVAVMLDNEAIYDICRRNLDIERPTYTNLNRLIAQVISSLTASLRFDGALNVDVTEFQTNLVPYPRIHFMLSSYAPIISAEKAYHEQLSVAEITNSAFEPASMMAKCDPRHGKYMACCLMYRGDVVPKDVNAAVATIKTKRTIQFVDWCPTGFKCGINYQPPTVVPGGDLAKVMRAVCMISNSTAIAEVFSRMDHKFDLMYAKRAFVHWYVGEGMEEGEFSEAREDLAALEKDYEEVGIETAEGEGEEEGYGDEY
Q752Y2,MREVISVNAVGQAGCQIGNACWELYSLEHGIRPDGYLQEGLTKPKGGEEGFSTFFNETGSGKFVPRAVYVDLEPNVIDEVRTGAYRELFHPEQLISGKEDAANNYARGHYTVGRELLDDILDRIRKISDQCDGLQGFLFTHSLGGGTGSGLGSLLLEQLSIDYGKKSKLEFAVYPAPQVSTSVVEPYNTVLTTHTTLEHADCTFMVDNEAIYEMCKKNLDISRPSFANLNNLIAQVVSSVTASLRFDGSLNVDLNEFQTNLVPYPRIHFPLVSYAPILSKSKAHHESNSVGEITNACFEPGNQMVKCDPRVGKYMATCLLYRGDVVTRDVQTAVAQVKNKKTVQLVDWCPTGFKIGICYEPPTATPNSQLSSVSRAVCMLSNTTAIADAWKRIDRKFDLMYAKRAFVHWYVGEGMEEGEFTEAREDLAALERDYIEVGADSYADEEEF
Q8SRI6,MREIISLHIGQAGVQIGNACWELYCKEHGILPNGQLDQNKMDDESAESFFSPTSVGTYVPRTLMVDLEPGVLDSIKTGKYRELYHPGQLISGKEDAANNYARGHYTVGKEIIEPAMEQIRRMADSCDGLQGFLIYHSFGGGTGSGFASLMMDRLAAEFGKKSKLEFSVYPAPKIATAVVEPYNSILTTHTTLDYSDCSFLVDNEAIYDMCRNLGIQRPYYTDINRVIAQVVSSITASLRFPGSLNVDLTEFQTNLVPYPRIHFPLVAYSPMLSKEKAAHEKLSVQEITNACFEPQNQMVRCDTRKGKYMACCLLFRGDVNPKEANNATANVKAKRTNQFVEWCPTGFKVGINSRKPTVLDGEAMAEVSRAVCALSNTTAISEAWKRLNNKFDLMFSKRAFVHWYVGEGMEEGEFSEAREDLAMLEDDYERISSNAEPVDEY
Q8T6A5,MRECISIHVGQAGVQIGNACWELYCLEHGIQPDGQMPSDKTIGGGDDSFNTFFSETGAGKHVPRAVFVDLEPSVVDEVRSGTYRQLFHPEQLITGKEDAANNYARGHYTVGKELIDLVLDRIRKLADQCTGLQGFLIFHSFGGGTGSGFTSLLMERLSVDYGKKSKLEFSVYPAPQVSTAVVEPYNSILTTHTTLEHSDCAFMVDNEAIYDICRRNLDIERPSYTNLNRLIGQIVSSITASLRFDGALNVDLTEFQTNLVPYPRIHFPLATYAPVISAEKAYHEQLSVAEITNACFEPANQLVKCDPRHGKYMACCMLYRGDVVPKDVNAAIATIKTKRTIQFVDWCPTGFKVGINYQPPTVVPGGDLAKVQRAVCMLSNTTAIAEAWARLDHKFDLMYAKRAFVHWYVGEGMEEGEFSEAREDLAALEKDYEEVGVDSVDAEGEDEGEEY
Q8WQ47,MRECISVHVGQAGVQIGNACWELYCLEHGIQPDGQMPSDKTIGTGDDSFNTFFSETGSGKHVPRAVYVDLEPTVVDEVRTGTYRQLFHPEQLITGKEDAANNYARGHYTIGKEIVDLVLDRIRKLADQCTGLQGFLIFHSFGGGTGSGFTSLLMERLSVDYGKKSKLEFAVYPAPQVSTAVVEPYNSILTTHTTLEHSDCAFMVDNEAIYDICRRNLDIERPTYTNLNRLIGQIVSSITASLRFDGALNVDLTEFQTNLVPYPRIHFPLVTYAPVISSEKAYHEQLTVSEITNTCFEPANQMVKCDPRHGKYMACCLLYRGDVVPKDVNAAIAAIKTKRSIQFVDWCPTGFKVGINYQPPTVVPGGDLAKVQRAVCMLSNTTAIAEAWARLDHKFDLMYAKRAFVHWYVGEGMEEGEFSEAREDLAALEKDYEEVGLDSTEADDTAGEEF
Q92335,MREIISLNVGQAGCQIANSCWELYCLEHGIQPDGYLTEERKAADPDHGFSTFFSETGNGKYVPRTIYADLEPNVIDEVRTGAYRGLFHPEHMISGKEDASNNYARGHYTVGKELIDQVLDKVRRVADNCSGLQGFLVFHSFGGGTGSGFGALLMERLSVDYGKKSKLEFCVYPAPQTATSVVEPYNSILTTHTTLEHADCSFMVDNEAIYDICRRNLGLERPNYENLNRLIAQVVSSITASLRFDGSLNVDLNEFQTNLVPYPRIHFPLVAYAPVISAAKAAHEANSVQEMTMSCFEPNNQMVKCDPRHGKYMATCLLYRGDVVPNDAHAAVATLKTKRTIQFVDWCPTGFKLGICYQPPHQVPNGDLAKVNRAVCMLSNTTAIAEAWSALSSKFDLMYSKRAFVHWYVGEGMEEGEFSEAREDLAALERDYEEVAADSMEGEEVEAEY
Q94572,MRECISIHVGQAGAQMGNACWELYCLEHGIQPDGQMPSDKTIGGGDDSFNTFFCETGAGKHVPRAVFVDLEPTVIDEIRTGVYRQLFHPEQLITGKEDAANNYARGHYTIGKEIVDIVLDRIRKLADNCAGLQGFLIFHSFGGGTGSGFTSLLMERLSVDYGKKSKLEFAIYPAPQVATAVVEPYNSILTTHTTLEHSDCAFMVDNEAIYDICRRNLDIERPTYTNLNRLIGQIVSSITASLRFDGALNVDLTEFQTNLVPYPRIHFPLVTYAPVISAEKAYHEQLSVSEITNACFEPANQMVKCDPRHGKYMACCLLYRGDVVPKDVNAAIATIKTKRSIQFVDWCPTGFKVGINYQPPTAVPGGDLAKVSRAVCMLSNTTAIAEAWARLDHKFDLMYAKRAFVHWYVGEGMEEGEFTEAREDLAALEKDYEEVGVDSADAEGEEEGEEY
Q962P8,MREIINIHIGQAGIQAGEQVWSLMCAEHGINQDGTRNSTSANGNSDCSVLFSEGSRGKYVPRNLMVDLEPSVVDSVRNSSYKELYHPAQMITGREDAANNFARGHYTVGKDMLDVTVDRLRKIADNCTSLQGFQIFHSVGGGTGSGFASLLVERLSVEFPKKCKLSYTVYPSPQLATSVVEPYNSVLSTHSLLEHNDISVVLDNQAIYDICKQRLKIERANYRNLNHVISQTVSAITCSLRFSGSLNVDMNEYQTNLVPYPRIHFMLSSLAPMISRQENYYHENNVAELTSSVFEADNMMAKCNPRDGKYIASCLMYRGDVVNKEVTDAVKNVKSKANIQFVDWSPCAFKIGVNSQKPTVLPDSEFAQVERSCAMISNNTAISQVFERMNDKFDLLYAKRAYVHHFVSEGMEEGEFAEAREDLAALEKDYTELASNSVNEEDSMLDEGETLN
Q96460,MRECISIHIGQAGIQVGNACWELYCLEHGIQPDGQMPGDKTVGGGDDAFNTFFSETGAGKHVPRAVFVDLEPTVIDEVRTGAYRQLFHPEQLISGKEDAANNFARGHYTIGKEIVDLCLDRIRKLSDNCTGLQGFLVFNAVGGGTGSGLGSLLLERLSVDYGKKSKLGFTVYPSPQVSTSVVEPYNSVLSTHSLLEHTDVSILLDNEAIYDICRRSLDIERPTYTNLNRLVSQVISSLTASLRFDGALNVDVNEFQTNLVPYPRIHFMLSSYAPVISAEKAYHEQLSVAEITNSAFEPSSMMAKCDPRHGKYMACCLMYRGDVVPKDVNAAVATIKTKRTIQFVDWCPTGFKCGINYQPPGVVPGGDLAKVQRAVCMISNSTSVVEVFSRIDHKFDLMYAKRAFVHWYVGEGMEEGEFSEAREDLAALEKDYEEVGAEFDDGEDGDEGDEY
Q9C413,MKGEILHLHLGQAGTQLGNSAWELYLLEHGLGHDGRPDPSAKDVVDGGSYETFFTETSNGKYVPRSLFVDLDPSPIDEIRTGGYRQLFHPELLISGKEDAANNYARGHYTIGKEMVDNVIDRIRRVADNCHSLQGFLIFHSFGGGTGSGFGALLLERLSTEYGKKSKLEFAVYPAPRVSTAVVEPYNAVLSTHSTIENSDCTFLVDNEAVYDICRRNLDIPRPSYDHLNRLIAQVVSSITSSLRFDGALNVDLNEFQTNLVPYPRIHYPLISYAPVISASKSAHESFKVQELTFQCFEPNNQMVVCDPRNGKYMAVALLYRGDAVPRDCNAAIAALKAKSSFNLVEWCPTGFKLGINYQKPMAVPAAPGDGGLAPVDRSVSMLSNTTAIAEAWSRLDHKFDLMYSKRAFVHWYVGEGMEEGEFSEAREDLAALEKDYEEVAADSYEGDEGEAEY
Q9ZRB7,MRECISIHIGQAGIQVGNACWELYCLEHGIQPDGQMPGDKTVGGGDDAFNTFFSETGAGKHVPRAVFVDLEPTVIDEVRTGAYRQLFHPEQLISGKEDAANNFARGHYTIGKEIVDLCLDRIRKLSDNCTGLQGFLVFNAVGGGTGSGLGSLLLERLSVDYGRKSKLGFTVYPSPQVSTSVVEPYNSVLSTHSLLEHTDVSILLDNEAIYDICRRSLDIERPTYTNLNRLVSQVISSLTASLRFDGALNVDVNEFQTNLVPYPRIHFMLSSYAPVISAEKAYHEQLSVAEITNSAFEPSSMMAKCDPRHGKYMACCLMYRGDVVPKDVNAAVATIKTKRTIQFVDWCPTGFKCGINYQPPGVVPGGDLAKVQRAVCMISNSTSVVEVFSRIDHKFDLMYAKRAFVHWYVGEGMEEGEFSEAREDLAALEKDYEEVGAEFDEGEDGDEGDEY
Q9ZRJ4,MREVISIHIGQAGIQVGNACWELYCLEHGIQPDGQMPSDKTIGGGDDAFNTFFSETGAGKHVPRCVFLDLEPTVIDEVRTGTYRQLFHPEQLISGKEDAANNFARGHYTIGKEIVDLCLDRIRKLADNCTGLQGFLVFNAVGGGTGSGLGSLLLERLSVDYGKKSKLGFTVYPSPQVSTAVVEPYNSVLSTHSLLEHTDVSVMLDNEAVYDICRRSLDIERPTYTNLNRLIAQVISSLTASLRFDGALNVDVTEFQTNLVPYPRIHFMLSSYSPVISAEKAYHEQLSVAEITNSAFEPASMMAKCDPRHGKYMACCLMYRGDVVPKDVNAAVATIKTKRTIQFVDWCPTGFKCGINYQPPTVVPGGDLAKVQRAVCMISNSTAIAEVFSRLDHKFDLMYAKRAFVHWYVGEGMEEGEFSEAREDLAALEKDYEEVGAESAEADGEDEGEEY
Q9ZRR5,MRECISIHIGQAGIQVGNACWELYCLEHGIQPDGQMPGDKTVGGGDDAFNTFFSETGAGKHVPRAVFVDLEPTVIDEVRTGTYRQLFHPEQLISGKEDAANNFARGHYTIGKEIVDLCLDRIRKLADNCTGLQGFLVFNAVGGGTGSGLGSLLLERLSVDYGKKSKLGFTVYPSPQVSTSVVEPYNSVLSTHSLLEHTDVAVLLDNEAIYDICRRSLDIERPTYTNLNRLVSQVISSLTASLRFDGALNVDVNEFQTNLVPYPRIHFMLSSYAPVISAEKAYHEQLSVAEITNSAFEPSSMMAKCDPRHGKYMACCLMYRGDVVPKDVNAAVATIKTKRTIQFVDWCPTGFKCGINYQPPSVVPGGDLAKVQRAVCMISNSTSVVEVFSRIDHKFDLMYAKRAFVHWYVGEGMEEGEFSEAREDLAALEKDYEEVGAEFDEGEDGDEGDEY
Q52PV9,MRECISVHVGQAGVQIGNACWELYCLEHGIQPDGQMPSDKTIGTGDDSFNTFFSETGSGKHVPRAVYVDLEPTVVDEVRTGTYRQLFHPEQLITGKEDAANNYARGHYTIGKEIVDVVLDRIRKLSDQCTGLQGFLIFHSFGGGTGSGFTSLLMERLSVDYGKKSKLEFAVYPAPQVSTAVVEPYNSILTTHTTLEHSDCAFMVDNEAIYDICRRNLDIERPTYTNLNRLIGQIVSSITASLRFDGALNVELTEFQTNLVPYPRIHFPLVTYSPVISAEKAYHEQLTVAEITNTCFEPQNQMVKCDPRHGKYMACCLLYRGDVVPKDVNAAIAGIKTKRSIQFVDWCPTGFKVGINYQPPTVVPGGDLAKVQRAVCMLSNTTAIAEAWARLDHKFDLMYAKRAFVHWYVGEGMEEGEFSEAREDLAALEKDYEEVGLDSTEAEGGDGEEF
Q9SCC8,MREVLSIHIGQAGIQVGNACWELYCLEHGINPDGSIIQDFNKKKNDDAFSTFFSETSTGKRVPRCVFLDLESGVIDEVKNGRYKNLYHPEQLICGNEDAANNYARGHYTIGKEIIEIALDRIRKLVENCSGLQGFLIFNSVGGGTGSGLGSLLLERLSLDYGKKSKLGFTVYPSPQVSTAVVEPYNSVLATHSLLEHTDVAVVLDNEAIYEICQRSLNIERPTYTNLNRLIAQVISSITASLRFDGALNVDITEFQTNLVPYPRIHFMLSSLAPVISLEMANHEQYSTAEITNAAFEPNSMMAKCDPRRGKYMACCLMFRGDVAPKDVNGSVAAIKTKKTIQFVDWCPTGFKCGINYQPPTVVPDGDLAKVDRAVCMISNSTAISEVFSRINKKFDLMYSKRAFVHWYVGEGMEEGEFNEAREDMAALEKDYEEVGSESQDLISNSFF
